param_name,param_value,effect_key,true_effect,true_graph_effect,pcmci_effect,bagged_effect,bootstrap_mean,bootstrap_std,bootstrap_ci_lower,bootstrap_ci_upper,bootstrap_success_rate,bootstrap_effects,true_effect_time,true_graph_effect_time,pcmci_effect_time,bagged_effect_time,bootstrap_effects_time,pcmci_error,pcmci_abs_error,pcmci_squared_error,bagged_error,bagged_abs_error,bagged_squared_error,bootstrap_error,bootstrap_abs_error,bootstrap_squared_error,ci_covers_true
auto,0.01,0_-2_to_3_0,0.2600000500679016,0.25375550985336304,0.25012457370758057,0.25012457370758057,0.250106721139345,0.001256106466872839,0.24978501733547628,0.25042842494321377,0.305,"[None, None, None, None, None, None, None, 0.2495058178901672, None, None, None, None, 0.2489868551492691, 0.2499714642763138, None, None, None, None, 0.2534838616847992, 0.24934810400009158, 0.2498689591884613, None, 0.24921399354934698, None, None, None, None, 0.24933847784996033, None, None, None, None, None, None, None, None, None, 0.25309523940086365, None, None, None, 0.24919657409191132, None, None, 0.24916549026966098, None, None, None, None, None, 0.24919924139976496, 0.24939416348934174, 0.2493072748184204, None, 0.25012457370758057, None, 0.2499765753746033, None, 0.249760776758194, 0.2501402497291565, None, None, 0.25058361887931824, 0.24926365911960602, None, None, None, None, 0.25053498148918146, 0.2532447874546051, 0.2507044374942779, None, None, None, 0.24923524260520938, 0.25342750549316406, None, 0.24932965636253354, 0.24921295046806335, None, 0.24978859722614288, None, 0.2498215585947037, None, None, None, None, 0.24879926443099978, None, None, None, None, None, None, None, None, None, None, None, None, 0.25018659234046936, None, 0.25012457370758057, 0.2493826448917389, None, None, 0.24984531104564672, 0.24880942702293393, None, None, None, 0.24946865439414975, None, None, None, 0.24937085807323453, None, 0.2501143515110016, None, None, None, None, 0.25065603852272034, 0.2532539367675781, None, None, None, None, None, 0.24917231500148773, 0.2494449317455292, None, None, 0.24959447979927063, None, None, None, None, 0.2529255151748657, 0.2498918771743774, None, None, None, None, None, None, None, 0.25362318754196167, 0.24957892298698425, None, None, 0.2507006824016571, None, None, 0.2490512728691101, None, None, None, None, 0.24906608462333682, None, None, None, None, None, 0.24926365911960602, 0.2504175901412964, None, None, 0.2504916489124298, None, 0.25019997358322144, None, None, 0.24972386658191684, None, None, None, None, None, 0.25083762407302856, 0.25055164098739624, 0.2497565895318985, None, None, None, None, None, None, None, None, None, None, None, None, None, 0.24933739006519318, 0.24917875230312347, 0.2494656443595886, None]",0.1069939136505127,0.5474860668182373,1.9119999408721924,1.9130470752716064,220.39061188697815,-0.009875476360321045,0.009875476360321045,9.752503334325979e-05,-0.009875476360321045,0.009875476360321045,9.752503334325979e-05,-0.0098933289285566,0.0098933289285566,9.787795728861487e-05,False
auto,0.06157894736842105,0_-2_to_3_0,0.3115789294242859,0.3044734001159668,0.30427905917167664,0.3043284714221954,0.3023665417324413,0.005127598057628605,0.3009803578052203,0.3037527256596623,0.275,"[None, None, None, None, None, None, 0.30379062891006475, 0.304054707288742, 0.3042614161968231, None, None, 0.30211833119392395, None, None, None, 0.30261683464050293, None, None, None, 0.304001122713089, None, 0.30257508158683777, None, None, None, None, None, None, None, None, None, None, 0.30266258120536804, None, 0.30242934823036194, 0.3042564988136292, None, 0.303466260433197, 0.3044552803039551, 0.3024883270263672, None, None, 0.30265799164772034, None, None, None, None, None, None, 0.30385640263557434, None, 0.27716973423957825, None, None, None, None, None, None, None, None, None, None, None, 0.30412113666534424, None, None, None, 0.30376124382019043, None, None, None, 0.3026223778724671, None, None, None, None, None, 0.30441468954086304, None, 0.30455917119979853, None, None, None, None, None, None, 0.3025237917900085, None, 0.3026122450828552, 0.30216211080551153, None, None, None, None, 0.30426734685897827, None, None, None, 0.30372801423072815, 0.3041831851005554, 0.30381760001182556, None, None, None, None, None, None, None, 0.3028724193572998, None, None, None, 0.30352452397346497, 0.30371734499931335, None, None, None, None, None, None, None, None, None, None, None, None, 0.3025638163089752, None, None, 0.3043055236339569, None, None, 0.30289280414581293, None, None, 0.30238655209541326, None, None, None, 0.30216309428215027, 0.3023133873939514, None, None, None, 0.304571658372879, None, None, None, None, None, None, None, None, None, None, None, None, None, None, None, None, None, 0.30275213718414307, 0.3024340569972992, None, None, None, 0.3039698898792267, None, 0.3024818599224091, 0.3044072687625885, None, None, 0.3024943768978119, None, None, None, 0.3043284714221954, None, None, None, 0.27540075778961176, 0.30311545729637146, None, 0.30412510037422175, None, None, None, None, None, 0.30398464202880865, 0.3034311532974243, None, 0.30267167091369623, None, 0.3041298985481262, 0.3026748597621918, None, 0.3035632669925689, 0.30325034260749817]",0.10308170318603516,0.5453915596008301,2.6038272380828857,1.3394033908843994,225.21527457237244,-0.007299870252609253,0.007299870252609253,5.328810570492948e-05,-0.00725045800209051,0.00725045800209051,5.2569141240078306e-05,-0.00921238769184457,0.00921238769184457,8.486808698484932e-05,False
auto,0.1131578947368421,0_-2_to_3_0,0.36315780878067017,0.355195164680481,0.35499081015586853,0.3550551235675812,0.35402399554090985,0.000701843217186658,0.3538410942023483,0.3542068968794714,0.295,"[0.3534345328807831, None, 0.3546728193759918, 0.35335218906402593, None, None, None, None, None, None, None, 0.3537819981575012, None, 0.3532741665840149, 0.3538933992385864, None, 0.353248655796051, None, 0.35425755381584173, None, None, None, None, None, 0.3550850749015808, 0.35324057936668396, None, 0.35401964187622076, None, 0.3538983166217804, None, 0.35507041215896606, None, None, None, None, None, None, None, None, None, 0.3547256588935852, 0.35314649343490606, 0.35444819927215576, 0.3548206090927124, 0.3545477986335754, None, None, None, None, None, None, 0.3542667329311371, None, None, None, None, None, None, None, None, 0.3542177677154541, None, 0.353865534067154, 0.353402704000473, None, None, None, 0.3544002175331115, None, None, None, None, None, None, None, None, None, None, None, None, None, None, None, None, 0.3550218641757965, None, None, None, None, None, None, None, None, 0.35278594493865967, None, 0.3548988401889801, None, 0.3534573018550873, 0.3534174859523773, None, None, None, 0.35334980487823486, 0.35323542356491094, None, 0.35345798730850225, None, None, None, 0.3551817834377288, None, None, None, None, 0.3543548882007599, 0.3550551235675812, None, 0.3545730412006378, 0.3537254333496093, None, None, None, None, None, None, 0.35389816761016846, None, None, None, None, None, None, None, None, None, None, None, None, None, None, None, None, None, None, 0.35487955808639526, 0.35296010971069336, None, None, None, None, None, None, None, 0.3545913100242615, 0.35346439480781555, None, None, 0.3540131747722625, None, 0.35393142700195307, 0.3545666038990021, 0.35337531566619873, 0.3536387085914611, 0.35509368777275085, None, None, 0.3535682260990142, None, None, None, None, None, None, None, 0.3550669252872467, 0.355071634054184, 0.3527107536792755, 0.35370483994483953, None, 0.353540450334549, None, 0.3547213673591614, None, None, None, None, None, None, 0.3534573018550873, None, None, 0.3547751009464264, 0.35380953550338745, None, 0.35264283418655396, None, None, None, 0.3543483316898346]",0.10860204696655273,0.5661065578460693,2.605623960494995,1.3371460437774658,232.15514636039734,-0.008166998624801636,0.008166998624801636,6.669986653751181e-05,-0.00810268521308899,0.00810268521308899,6.565350766241096e-05,-0.009133813239760313,0.009133813239760313,8.342654429882079e-05,False
auto,0.16473684210526315,0_-2_to_3_0,0.41473689675331116,0.40593907237052923,0.40574026107788086,0.40574026107788086,0.40485097002238035,0.0007025613304357679,0.4046754754236032,0.4050264646211575,0.32,"[0.40468621253967285, None, None, 0.4056412875652313, 0.4046670794486999, None, 0.4036822021007538, None, None, None, None, 0.40456211566925043, None, None, None, None, None, None, 0.40534460544586176, None, None, None, None, 0.40542522072792053, None, None, None, None, None, None, None, None, None, None, None, 0.404729425907135, None, None, None, None, None, 0.404572993516922, None, None, 0.4053826630115509, None, None, None, None, None, 0.40582320094108587, 0.40478157997131353, None, None, None, None, 0.40381789207458496, None, None, None, None, None, None, 0.40454453229904175, None, None, 0.4041786789894104, 0.4060262143611908, None, 0.4043515324592591, None, None, None, None, 0.40421879291534424, 0.4046473801136017, None, None, 0.40459367632865906, None, None, 0.404453456401825, 0.40440794825553894, None, None, None, 0.40355670452117914, None, None, 0.4046285152435303, 0.4041462242603302, None, None, 0.406097948551178, 0.4047297835350037, None, 0.40453162789344793, 0.4053665101528168, 0.40644213557243347, 0.4042121469974518, 0.404438465833664, 0.4042856693267822, None, None, None, 0.40448051691055303, 0.4054454267024994, 0.40608546137809753, None, 0.4046378135681153, None, None, None, None, 0.4038401544094086, None, None, 0.40536427497863775, None, None, 0.4041832387447357, None, 0.40544575452804565, 0.40441933274269104, None, None, None, 0.4041533172130584, None, 0.4059414863586426, 0.4050222337245941, 0.4060951769351959, None, None, 0.4041626751422882, None, None, 0.40508177876472473, None, None, 0.40411040186882013, 0.4057519137859344, None, None, 0.4055505990982055, 0.4046680629253388, None, None, None, 0.4056192934513092, None, None, None, None, None, None, 0.40532061457633967, 0.40526643395423884, None, None, 0.40482935309410095, None, None, None, None, 0.40480473637580866, None, None, None, None, None, None, None, 0.4046728312969208, None, None, None, None, 0.40411075949668884, 0.40614914894104004, None, None, None, 0.40413668751716614, 0.40372467041015625, 0.40574780106544495, None, None, None, 0.4046657085418701, None, None, None, None, None, None, None, None, None, None]",0.11841702461242676,0.5272009372711182,2.5372488498687744,1.6908504962921143,260.5820894241333,-0.008996635675430298,0.008996635675430298,8.093945347642517e-05,-0.008996635675430298,0.008996635675430298,8.093945347642517e-05,-0.009885926730930805,0.009885926730930805,9.773154732933224e-05,False
auto,0.2163157894736842,0_-2_to_3_0,0.46631574630737305,0.4567201435565949,0.4565482437610626,0.4565482437610626,0.4558062449549184,0.0007248388891948554,0.45562805731584205,0.45598443259399474,0.33,"[None, 0.45568516850471497, 0.454764574766159, None, None, None, 0.45451357960700994, None, 0.45642033219337463, None, None, None, None, None, 0.4549073874950409, None, 0.4549549520015716, None, 0.45498642325401306, None, None, None, None, None, None, 0.45624968409538275, 0.4550963938236236, None, None, None, None, None, None, 0.4567486643791199, None, None, None, None, None, 0.4555717408657073, None, None, 0.45736292004585255, 0.4565861225128173, 0.4551927149295807, None, None, None, None, None, None, 0.4549372494220733, None, None, None, None, None, None, None, 0.45489305257797247, 0.45515152812004084, 0.4555353522300721, 0.4553650319576264, 0.4566224813461304, None, None, None, None, 0.45574334263801575, None, 0.4551988244056702, 0.45632392168045044, None, None, None, 0.45590931177139277, 0.45609626173973083, 0.4553355872631073, 0.4551253318786621, None, 0.4559957087039947, 0.4565647840499878, None, None, 0.4553282558917999, None, 0.4565548598766327, None, 0.45736292004585255, None, None, 0.4565647840499878, 0.4555394351482391, None, None, 0.4565561413764953, None, None, None, 0.455521672964096, None, 0.45624384284019476, 0.45623981952667236, None, None, 0.4565861225128173, 0.4553540050983429, None, None, None, None, 0.454513281583786, None, None, 0.4554566144943238, None, 0.45656776428222656, None, 0.45635345578193653, 0.4568196833133698, None, None, 0.4556922018527985, None, None, None, None, None, None, None, None, 0.45439484715461737, 0.45548540353775024, 0.45545440912246704, 0.45526376366615295, 0.4559139311313629, None, None, None, None, None, None, None, 0.4565647840499878, 0.45597490668296825, None, 0.45747941732406616, None, 0.45512285828590393, None, None, None, None, None, None, None, None, None, 0.4555225968360901, None, 0.45627221465110784, None, 0.4559563398361206, 0.4546920657157898, None, None, 0.456749826669693, None, None, 0.4561249315738678, None, 0.45627433061599726, 0.4557285606861115, None, None, None, 0.45504865050315857, None, None, None, None, None, None, None, None, None, None, None, None, None, None, None, 0.45613706111907965, None, None, None, None, None, 0.455957978963852, None]",0.10573005676269531,0.5363965034484863,2.499945640563965,1.7104904651641846,255.36661005020142,-0.009767502546310425,0.009767502546310425,9.540410599218063e-05,-0.009767502546310425,0.009767502546310425,9.540410599218063e-05,-0.010509501352454653,0.010509501352454653,0.00011044961867724618,False
auto,0.26789473684210524,0_-2_to_3_0,0.5178947448730469,0.5075490474700929,0.5074256062507629,0.5074256062507629,0.5066092323373865,0.0007400400491908383,0.5064072402872174,0.5068112243875557,0.27,"[None, None, None, None, None, None, None, None, None, 0.5081140398979187, 0.5062726140022278, 0.5069435238838196, 0.506563127040863, None, None, None, None, None, None, 0.5063850283622742, None, 0.5058881640434264, None, None, None, None, None, None, 0.5071897506713867, 0.5059067606925964, None, None, None, 0.5050178170204164, 0.5070019960403441, None, None, None, 0.5059823989868165, 0.5060334205627441, 0.5071605443954468, 0.5065103769302367, None, None, 0.5072307586669923, None, None, None, 0.5064384937286377, None, None, 0.5063030123710632, None, None, 0.5059619545936586, None, None, None, None, 0.5050178170204164, 0.5062872171401978, None, 0.5065618753433228, 0.508297324180603, None, None, None, None, None, 0.5068038105964661, None, None, None, None, 0.5058565139770508, 0.5056676864624023, None, None, None, None, None, None, None, None, 0.5078224539756775, None, None, None, None, 0.5058757066726685, None, None, None, None, 0.5066656470298767, 0.5062716007232666, None, 0.5069561004638673, None, None, None, None, 0.5074717998504638, None, None, None, None, None, None, None, None, None, None, None, 0.5058902502059937, None, None, None, 0.5073449611663818, None, 0.5058462619781494, None, None, None, None, None, None, None, 0.5067624449729919, 0.5066351890563966, None, None, None, None, None, None, None, None, None, None, None, 0.5062568783760071, None, 0.5064696073532104, None, None, 0.5074921250343323, None, None, 0.5065912008285522, 0.5064698457717896, None, None, None, 0.5072566866874694, None, None, None, None, 0.505883276462555, None, None, 0.5064261555671691, None, None, 0.506811261177063, None, None, None, None, None, 0.5081139206886292, None, 0.5063436031341553, None, None, 0.505900502204895, 0.5058596134185792, None, None, None, None, 0.5084883570671082, None, None, 0.5071176290512086, None, None, None, None, None, None, None, None, None, 0.5070719718933105, 0.5066365599632263, 0.50677090883255, None, None]",0.10499453544616699,0.5355961322784424,2.5399560928344727,1.650949239730835,217.47419357299805,-0.010469138622283936,0.010469138622283936,0.00010960286349259718,-0.010469138622283936,0.010469138622283936,0.00010960286349259718,-0.011285512535660347,0.011285512535660347,0.00012736279319254683,False
auto,0.3194736842105263,0_-2_to_3_0,0.5694736242294312,0.5584261417388917,0.5583686232566833,0.5583686232566833,0.5573074271281561,0.0008983007552070412,0.5570753714363774,0.5575394828199347,0.3,"[None, None, 0.5580862164497375, None, 0.5582414865493774, 0.5563150048255922, 0.5578388571739197, None, None, None, None, None, 0.5588817000389099, None, 0.556643545627594, None, None, None, None, 0.5586341619491577, None, None, None, 0.556384801864624, None, None, None, None, None, None, None, 0.5557172298431396, None, None, None, None, 0.5581113696098328, None, None, None, 0.5570166110992433, 0.5572893023490907, None, None, None, None, None, None, None, None, None, None, 0.5581588745117189, None, None, None, None, None, 0.5585094690322876, None, None, None, None, None, None, None, 0.5583686232566833, None, None, None, None, 0.5589126348495483, None, None, 0.5582161545753479, 0.557762086391449, 0.5572324395179749, None, None, 0.556402027606964, None, None, None, None, None, 0.5575517416000365, None, None, 0.5583686232566833, 0.5567018389701844, None, None, 0.5576202869415283, 0.5574653148651123, None, None, None, None, None, None, None, 0.5556742548942566, None, None, None, None, 0.5569238662719727, 0.5569626688957213, None, None, None, 0.556827425956726, None, 0.5572666525840759, None, None, None, None, 0.5556742548942566, 0.5558457970619202, 0.5590596199035645, 0.5582535266876221, None, None, None, None, None, None, 0.5563175082206726, None, 0.5575785636901854, None, None, 0.5571298599243164, 0.5558739304542542, 0.5571697950363159, None, 0.558897078037262, None, 0.5563607811927795, None, 0.5582311749458313, None, None, None, None, None, None, 0.556975245475769, None, None, None, None, None, None, None, 0.5574026703834534, None, 0.5556413531303407, 0.557762086391449, None, 0.5564246177673339, None, None, None, 0.5569398999214172, None, None, None, None, None, None, 0.5581898689270018, None, None, None, None, None, 0.5569222569465636, 0.5578000545501709, 0.5580224394798279, 0.5567018389701844, 0.5564098358154297, None, None, None, None, None, None, None, None, None, 0.5572966933250427, 0.557309091091156, None, None, 0.5575873255729676, 0.5567816495895386, 0.5574247241020203, 0.5563768148422241]",0.12317371368408203,0.53751540184021,2.518970489501953,2.541133165359497,244.5287163257599,-0.011105000972747803,0.011105000972747803,0.00012332104660472964,-0.011105000972747803,0.011105000972747803,0.00012332104660472964,-0.012166197101275089,0.012166197101275089,0.0001480163519070744,False
auto,0.37105263157894736,0_-2_to_3_0,0.6210527420043945,0.609342634677887,0.6093599200248717,0.6092115044593812,0.6081462800502777,0.0008626309902594403,0.6079194627937633,0.6083730973067921,0.29,"[None, None, 0.6092325448989868, None, None, 0.6076242923736571, 0.6070012450218201, None, 0.6086036562919617, None, None, None, 0.6088941097259521, None, 0.6078895330429077, 0.607934832572937, None, None, None, None, 0.6080104112625122, None, None, 0.6076462268829347, 0.6083627939224243, 0.6081075072288513, None, None, None, None, 0.6079024672508239, None, None, 0.6087973713874816, None, None, None, None, None, None, None, None, None, 0.607629656791687, None, None, None, None, None, None, None, 0.6082217693328857, None, None, None, 0.6080769300460815, 0.6075368523597717, 0.6074790358543396, None, None, None, None, None, None, None, None, 0.6080273985862732, 0.6087911725044249, None, 0.6098347306251526, None, None, None, 0.6087912917137145, None, None, None, 0.6087285876274109, None, None, None, None, 0.6083091497421265, 0.6078162789344786, None, None, None, 0.608733057975769, None, None, None, None, None, 0.6072304844856261, 0.608401894569397, None, None, None, None, 0.6074280738830566, None, None, 0.6077104806900023, None, None, None, 0.6083438992500305, None, 0.6089966297149658, 0.6075368523597717, None, None, None, None, None, None, 0.6083856821060181, 0.607733428478241, None, None, 0.6081734299659729, None, None, None, None, None, None, None, None, None, 0.6087889671325684, None, 0.6056898236274719, None, 0.605987548828125, None, None, None, None, 0.6081075072288513, None, None, None, None, None, None, None, None, 0.608936905860901, 0.6079970002174376, 0.6084153652191162, None, None, None, 0.6084809303283691, 0.6065002679824829, None, None, None, None, None, None, 0.607230007648468, 0.6089731454849244, 0.6078730225563049, None, None, None, None, None, None, None, None, 0.6076134443283082, 0.6093599200248717, 0.6108394861221313, None, None, None, None, None, None, None, None, None, None, 0.6101351976394653, 0.6082232594490051, 0.6078161001205444, None, 0.6081630587577821, None, None, 0.6082969307899475, 0.6078014969825746, None, None, 0.6073310971260071, None, None]",0.10196042060852051,0.5390448570251465,2.5600781440734863,1.8918423652648926,239.2393183708191,-0.011692821979522816,0.011692821979522816,0.00013672208584481187,-0.011841237545013317,0.011841237545013317,0.000140214906597433,-0.012906461954116821,0.012906461954116821,0.000166576760173065,False
auto,0.4226315789473684,0_-2_to_3_0,0.6726313829421997,0.6602832674980164,0.6603770852088928,0.6601536273956299,0.6593364079793295,0.0009894156109512716,0.6590987243975871,0.6595740915610718,0.345,"[None, None, 0.6591435074806212, None, 0.6592757105827332, None, 0.6586470007896422, 0.6575511693954468, None, None, 0.6586439013481141, None, None, None, None, 0.6609329581260681, None, 0.6594706773757935, None, 0.660653829574585, 0.6586129665374757, None, None, None, None, None, None, None, None, None, None, None, 0.6591466069221497, None, 0.6587581634521485, None, None, 0.6599483489990234, None, 0.6603770852088928, None, 0.6593217253684998, None, None, None, 0.6587153077125549, 0.6612524390220641, None, 0.6588115096092223, None, 0.6611390709877014, None, None, None, 0.6585995554924011, 0.6593496203422546, 0.6585754752159119, None, None, None, None, 0.6596205234527588, 0.6593657732009888, None, None, None, None, None, 0.6595349311828613, None, None, None, None, None, 0.6567154526710511, None, None, None, None, None, 0.659244179725647, 0.6587602496147157, None, 0.6577298641204835, None, None, None, 0.6610713005065918, None, 0.6616172194480896, None, 0.6596230268478392, None, 0.6594740152359008, None, None, None, 0.6590504050254821, 0.6590797305107117, None, None, 0.6592362523078918, 0.6589419245719911, 0.6592631936073303, None, 0.6591235399246217, None, 0.6585569977760314, 0.6595792770385741, 0.6581365466117858, None, None, 0.6605320572853087, None, None, 0.6592793464660646, None, None, 0.6579276919364929, 0.6592763066291808, None, 0.6594433784484863, None, None, None, None, None, None, None, None, None, None, 0.6585220694541931, 0.6583714485168458, 0.6595060825347899, 0.6593745946884155, None, None, 0.6611431837081908, None, None, 0.661031186580658, None, None, 0.6606687903404236, 0.6583626866340637, None, None, None, None, None, None, None, None, 0.6575295329093934, 0.6585754752159119, None, None, 0.6593471765518188, 0.658756196498871, None, None, None, 0.6593875288963317, None, None, None, 0.6586893200874328, None, None, 0.6599169373512268, None, 0.6603770852088928, 0.6589162945747375, 0.6587784290313721, None, 0.661128580570221, None, None, None, 0.6591666936874389, None, None, None, None, None, None, None, None, None, None, None, 0.6584760546684265, None, None, None, None, 0.6606200337409973, None, 0.6604569554328918]",0.11717414855957031,0.5266084671020508,2.4897875785827637,1.87343430519104,290.9278290271759,-0.012254297733306885,0.012254297733306885,0.00015016781293653025,-0.012477755546569824,0.012477755546569824,0.000155694383479954,-0.013294974962870243,0.013294974962870243,0.0001767563592633466,False
auto,0.47421052631578947,0_-2_to_3_0,0.7242104411125183,0.7112461328506471,0.7114147543907167,0.7114147543907167,0.709887275912545,0.0009955873004051537,0.7096181309642755,0.7101564208608144,0.275,"[None, None, None, None, None, None, None, None, None, None, None, None, 0.7099971175193788, None, None, None, 0.7087286114692687, None, 0.7105189561843872, None, None, None, None, None, None, None, None, 0.7094486951828003, None, 0.7089385390281677, None, None, None, 0.7100093960762023, 0.7095297574996948, None, None, None, None, 0.708015263080597, None, 0.7081815600395203, 0.7100669741630554, None, None, 0.7092671394348145, None, None, None, None, None, None, 0.7094229459762573, None, 0.7105616331100463, None, None, None, 0.7102382183074951, None, None, None, 0.7103540301322937, None, 0.7105708718299865, 0.7080085873603822, None, 0.7093346714973449, None, 0.70765221118927, None, None, None, 0.7096937894821166, None, None, None, None, 0.7099754214286804, 0.7102258205413818, 0.7088606357574463, None, 0.7091035842895507, None, None, None, 0.7116528749465942, None, None, None, 0.7096937894821166, None, None, None, None, 0.7102753520011902, None, None, None, 0.7095297574996948, None, None, 0.7102740406990052, None, 0.7095862030982971, None, None, None, None, None, None, 0.7110173106193542, None, 0.7098355889320374, None, 0.7098910808563232, None, None, 0.710180699825287, 0.7105018496513367, None, 0.7081002593040466, None, None, None, None, None, None, 0.7105637192726136, None, None, None, 0.7104068994522095, 0.7111803293228149, None, None, None, None, None, None, None, None, 0.7101455330848694, None, None, 0.7104570269584656, None, None, None, 0.7096605896949768, None, None, None, 0.7098983526229858, 0.7104057073593141, None, None, None, 0.7128122448921204, 0.7105517983436586, None, 0.7100647687911987, None, None, None, None, None, None, None, None, 0.708423912525177, None, None, None, None, 0.7095102071762085, None, None, None, None, 0.7099052667617799, None, None, None, None, None, 0.7102873921394347, None, None, 0.7105553746223451, 0.7102139592170715, None, 0.7126673460006714, None, None, None, None, None, 0.7088465094566345, None]",0.12261700630187988,0.5322263240814209,2.5645997524261475,1.7007956504821777,223.81550192832947,-0.012795686721801647,0.012795686721801647,0.00016372959868249097,-0.012795686721801647,0.012795686721801647,0.00016372959868249097,-0.014323165199973342,0.014323165199973342,0.0002051530613457274,False
auto,0.5257894736842105,0_-2_to_3_0,0.7757894396781921,0.762274444103241,0.7625127434730531,0.7621520757675171,0.7612305184205373,0.0009573240792205049,0.7609692192467298,0.7614918175943449,0.27,"[None, None, None, 0.7609012126922607, 0.760857105255127, 0.7606816291809082, None, None, None, 0.762267529964447, None, None, None, None, None, 0.7609012126922607, None, None, 0.7615379095077514, None, None, None, None, None, None, None, 0.7593443393707275, None, None, None, 0.7606927752494813, None, 0.760910391807556, None, None, None, 0.7625408172607421, 0.761170983314514, None, None, 0.760910391807556, None, None, None, 0.7601721286773682, None, None, None, None, 0.7598556876182556, None, None, None, 0.7609639763832093, None, None, None, 0.7616758942604065, 0.7625127434730531, None, None, None, None, None, 0.7605518698692322, None, None, 0.759364366531372, None, None, None, None, None, None, None, 0.7616007328033447, None, None, None, None, None, None, 0.7610717415809632, None, None, None, None, None, 0.7606478333473206, 0.761611819267273, 0.761251389980316, None, 0.7600230574607849, None, None, 0.7611520886421204, None, None, None, None, None, None, 0.7613702416419982, None, 0.7621293663978576, None, None, 0.7604593038558961, None, 0.7606641054153443, None, None, 0.7615019083023071, None, None, None, None, None, None, None, None, None, 0.7620975375175476, 0.7613551616668702, 0.7602900266647339, None, 0.7613972425460815, None, None, None, 0.7607109546661378, None, None, None, None, None, 0.7630124092102052, None, None, 0.7597610950469971, None, None, 0.7612236738204956, None, None, None, 0.762893557548523, None, None, None, None, 0.7631914019584656, None, 0.7638736963272095, None, None, None, 0.7607160806655884, None, None, None, None, None, 0.7625127434730531, None, 0.7602442502975464, None, None, 0.7605303525924683, None, None, 0.7604970932006836, 0.7612940669059752, None, None, None, None, 0.7604838609695435, None, None, None, 0.7613575458526611, None, None, None, None, None, 0.7622660994529723, None, 0.7612077593803405, None, None, None, 0.7613826394081116, None, None, None, None, None, 0.7628521919250488]",0.1251208782196045,0.5249247550964355,2.622368335723877,1.3433623313903809,217.21361112594604,-0.01327669620513905,0.01327669620513905,0.00017627066212355362,-0.013637363910675049,0.013637363910675049,0.00018597769443218226,-0.014558921257654789,0.014558921257654789,0.0002119621881865925,False
auto,0.5773684210526315,0_-2_to_3_0,0.8273685574531555,0.8134881854057312,0.8137700557708741,0.813370943069458,0.8123066531073663,0.0013070453832858867,0.8119747257310039,0.8126385804837286,0.31,"[None, None, None, None, None, None, 0.8147647976875304, 0.8108398318290712, None, None, None, 0.8154218196868898, None, None, None, None, 0.8117700219154359, None, 0.8112788200378418, None, None, None, None, None, None, None, 0.8135449290275573, 0.8128392696380616, 0.8123052120208739, None, None, None, None, 0.8113500475883484, None, None, 0.8114107251167296, None, 0.8135147690773009, None, 0.8145242929458618, 0.8145641088485719, None, 0.8120460510253906, None, 0.811389148235321, None, None, None, None, None, None, 0.812153995037079, 0.8110821843147279, None, None, 0.8121949434280396, 0.8135989308357239, None, 0.813129186630249, 0.8122236132621765, 0.812139630317688, None, 0.8158208727836609, None, None, None, None, 0.8099783658981324, 0.8114012479782104, None, 0.8113387823104858, None, 0.8119060397148131, 0.811516523361206, None, 0.8106880784034729, 0.8116540908813477, None, None, 0.8158208727836609, None, None, None, 0.8124060034751893, 0.8115786314010619, None, None, None, None, 0.8113003969192505, 0.8118826746940614, None, 0.8124461770057679, 0.8121061325073242, 0.8125079870223998, None, None, None, None, None, None, 0.8117448091506958, None, None, 0.8111896514892579, None, None, None, None, 0.8113010525703429, None, None, None, None, None, 0.8135989308357239, None, None, None, None, 0.8111938834190369, 0.8136982321739197, None, 0.8136894702911379, None, None, None, None, None, None, None, None, None, None, None, 0.8120837211608888, None, 0.8125982880592347, 0.8123080134391785, None, 0.8122438192367555, None, None, 0.8131471276283264, None, 0.8122438192367555, None, None, None, None, None, None, None, None, None, None, 0.8146368265151976, None, None, 0.8111895322799683, 0.8119816780090332, None, None, None, None, None, None, 0.8118557929992676, 0.8117387890815736, 0.8113906979560852, None, 0.8099731206893921, None, None, None, None, None, None, None, None, None, None, None, None, None, None, None, None, 0.8107787370681762, 0.8117545247077941, None, 0.8133029937744141, 0.8109297752380372, None, None, None, None, None, None]",0.11833763122558594,0.5164492130279541,2.4920997619628906,1.3065433502197266,240.5977647304535,-0.013598501682281383,0.013598501682281383,0.00018491924800300962,-0.01399761438369751,0.01399761438369751,0.00019593320843469542,-0.015061904345789245,0.015061904345789245,0.00022686096252170495,False
auto,0.6289473684210526,0_-2_to_3_0,0.8789472579956055,0.8650419116020202,0.8652929663658141,0.8649310469627379,0.8627344558636347,0.0009103479849554448,0.8624992880424083,0.8629696236848612,0.3,"[None, None, None, None, 0.8625689148902892, None, None, None, None, None, None, 0.86226087808609, None, None, None, None, None, None, 0.8634918332099915, 0.8628209233283997, None, 0.8630825281143188, None, None, None, 0.8623193502426147, 0.8616235256195067, None, None, 0.8622106313705445, None, None, None, None, None, None, 0.8638972043991089, None, None, None, None, None, None, 0.861975908279419, 0.862898290157318, 0.8640269637107849, 0.8615711927413943, None, 0.8648938536643982, None, None, 0.8621442317962646, None, None, None, None, 0.8637238144874572, None, 0.8642289638519288, None, None, None, 0.8628352880477905, None, None, 0.863137423992157, None, None, None, 0.8654744029045104, 0.8615359663963318, None, None, None, None, None, None, None, None, 0.8617820143699647, None, None, None, 0.8647078871726992, None, None, 0.8630459308624266, None, None, 0.8630994558334353, None, None, 0.8634201288223268, None, None, None, None, None, 0.8621028661727905, None, None, None, None, None, None, 0.8630071282386779, 0.8637787103652955, None, 0.8632616996765137, None, None, 0.862959086894989, None, 0.8618646860122682, None, None, None, 0.8631314039230347, None, None, None, None, 0.862313449382782, 0.8619868755340577, 0.8616943359375, None, 0.862299144268036, None, None, None, None, None, None, None, None, None, 0.8626301884651185, 0.8625412583351135, None, 0.8619180321693419, None, None, 0.8628178238868711, None, None, None, 0.8628349900245668, 0.8629096746444701, None, None, 0.8622729778289796, 0.8626691699028015, 0.8615543842315675, 0.8620427250862123, None, None, None, None, None, None, 0.8616393804550171, 0.8622927665710448, 0.8628717660903931, 0.8652929663658141, None, None, None, 0.8621028661727905, None, None, None, 0.8623399138450623, None, None, None, None, None, 0.8617148995399475, 0.8629366159439087, None, None, None, None, None, 0.8621938228607178, None, None, None, None, None, 0.8631274104118347, None, None, None, None, 0.8622986674308778, 0.8616943359375, 0.8621938228607178, None, None]",0.10338473320007324,0.54007887840271,2.508654832839966,1.30031156539917,247.4017698764801,-0.01365429162979137,0.01365429162979137,0.0001864396799113907,-0.014016211032867543,0.014016211032867543,0.00019645417171787783,-0.01621280213197074,0.01621280213197074,0.0002628549529704349,False
auto,0.6805263157894736,0_-2_to_3_0,0.9305263757705688,0.916944980621338,0.9168325066566467,0.9168325066566467,0.9147301614284515,0.0019383910481918691,0.9142010825194358,0.9152592403374673,0.27,"[None, None, 0.9151796102523804, None, 0.9168641567230226, None, 0.9135158061981202, None, None, 0.9144299030303956, 0.9179424643516539, None, 0.9123766422271729, None, None, 0.9170440435409545, None, None, 0.9159049987792968, None, None, None, 0.912513792514801, None, None, 0.9157460927963258, 0.9138825535774231, None, None, None, 0.9134510159492493, None, 0.9137173891067504, None, None, None, None, 0.9130232334136964, None, 0.9147807955741882, 0.9140056967735289, None, 0.9169785976409913, 0.9129145741462708, None, None, 0.915698230266571, None, None, None, None, None, None, None, None, 0.9145291447639466, None, 0.9203279614448547, None, None, None, None, None, 0.9156618118286133, None, None, 0.9148977398872375, None, 0.913134753704071, 0.9131865501403806, None, 0.9131226539611818, 0.9138766527175903, None, 0.9155846238136294, None, None, None, 0.9165433049201965, None, None, None, None, None, 0.9120410680770876, None, None, 0.9157966375350951, None, None, None, 0.9168325066566467, None, 0.9127720594406128, None, None, None, None, None, None, None, None, None, None, 0.9119622707366943, None, 0.916593074798584, 0.913107395172119, None, None, 0.9125024676322937, None, 0.9133591651916504, None, None, None, None, 0.9148462414741516, None, None, None, None, None, None, None, 0.9133678078651427, None, None, None, None, None, None, None, None, None, None, None, None, None, None, None, None, None, None, None, None, None, None, 0.9147682785987853, 0.9158595204353334, None, 0.9186468720436098, 0.9139070510864258, None, 0.9156803488731384, None, None, 0.9198326468467714, None, None, None, None, None, None, 0.9128729701042178, None, 0.9168068766593931, None, None, 0.9123975038528442, None, None, None, None, None, None, 0.9167358279228212, None, None, None, None, None, 0.9137498736381532, None, None, None, None, 0.912934184074402, None, None, None, None, 0.913882613182068, 0.9133386611938477, None, None, None, None, None, None]",0.10646557807922363,0.5332098007202148,1.885767936706543,1.2848491668701172,210.6778106689453,-0.01369386911392212,0.01369386911392212,0.00018752205130923016,-0.01369386911392212,0.01369386911392212,0.00018752205130923016,-0.01579621434211731,0.01579621434211731,0.0002495203875421126,False
auto,0.7321052631578947,0_-2_to_3_0,0.9821053743362427,0.968813180923462,0.9686813354492188,0.9686813354492188,0.9658626299055796,0.0024433641408029916,0.9652472766153466,0.9664779831958126,0.315,"[None, None, None, 0.9719637036323547, None, None, None, None, None, 0.9674699902534484, None, 0.9703260660171509, None, None, 0.9620776176452639, None, 0.9643746018409727, None, None, None, None, None, None, None, None, None, None, None, 0.964707374572754, 0.9688144326210021, 0.9646935462951665, 0.9638246893882751, None, None, None, None, None, None, None, 0.963832437992096, 0.9627838730812072, None, None, None, None, None, 0.9678518772125244, 0.9661596417427063, None, None, None, 0.9644234776496888, 0.9640835523605349, None, None, None, None, None, None, None, None, None, None, 0.9644117355346681, None, None, 0.9660890102386475, 0.9686036109924314, None, None, None, None, None, 0.9695895314216614, None, None, 0.9677310585975647, None, 0.972941279411316, None, None, None, None, 0.9674029350280763, 0.9641194343566897, None, 0.9642619490623477, None, None, None, None, 0.9671649336814881, None, None, 0.9638649225234985, 0.9633304476737978, 0.9672499895095822, None, 0.9636083841323855, 0.9664182662963869, 0.9639555811882018, None, 0.967814266681671, None, None, None, 0.9629827141761778, 0.9686813354492188, None, None, None, None, None, None, 0.964034378528595, 0.9644246101379397, None, None, 0.9643802046775818, None, None, None, None, None, None, None, None, 0.9672499895095822, 0.9638374447822569, 0.9640055894851685, 0.971946179866791, 0.964929938316345, None, None, None, None, None, None, None, 0.9641190767288208, None, 0.9668630957603455, 0.96442586183548, None, None, None, None, None, None, None, 0.9658210873603822, 0.9678097367286684, None, None, None, None, None, None, None, None, 0.9652109742164611, 0.9671202898025512, None, None, None, None, 0.9633529186248779, None, None, None, None, 0.9640221595764159, None, 0.9640599489212035, None, 0.9665929675102235, None, None, None, None, None, 0.9661255478858951, None, 0.9636212587356567, 0.9632937312126157, 0.967255473136902, None, 0.9645852446556091, 0.9628183841705322, 0.9642619490623477, None, 0.9696762561798096, 0.9668275117874146, None, None, None, None, None, 0.9690656065940857, None]",0.10631442070007324,0.5390903949737549,1.9089350700378418,1.2785072326660156,253.44595623016357,-0.013424038887023926,0.013424038887023926,0.00018020482004033056,-0.013424038887023926,0.013424038887023926,0.00018020482004033056,-0.016242744430663092,0.016242744430663092,0.0002638267466398369,False
auto,0.7836842105263158,0_-2_to_3_0,1.0336856842041016,1.0206815004348755,1.0205135345458984,1.0205135345458984,1.016937373114414,0.0029492518108396315,1.016182034652957,1.017692711575871,0.305,"[None, 1.026178002357483, None, None, None, None, None, None, None, None, None, None, 1.01354706287384, None, None, None, 1.0146080255508418, None, 1.0184051990509035, None, None, None, None, 1.0173699855804443, 1.0146080255508418, 1.0146564245224, None, None, None, 1.019802331924439, 1.0151269435882566, None, None, None, None, None, None, 1.019631266593933, None, None, None, None, None, None, 1.0144959688186646, None, 1.0140185356140137, None, None, 1.0172680616378784, None, 1.0174883604049685, None, None, None, None, None, None, 1.014710426330566, None, None, None, None, None, None, None, None, None, None, None, None, 1.016688346862793, None, None, None, None, None, 1.0190918445587158, None, 1.019759178161621, 1.0204287767410278, 1.0192363262176514, None, None, 1.0148876905441289, None, None, 1.016948103904724, None, None, None, None, None, None, None, None, 1.013813853263855, 1.0153855085372925, None, 1.015164852142334, 1.0176709890365596, None, None, 1.0205135345458984, None, 1.0149762630462646, None, None, None, 1.017224431037903, None, None, None, None, None, None, None, None, None, None, 1.0190112590789795, 1.0147175788879395, None, None, 1.014738202095032, None, 1.0145865678787231, None, 1.015056610107422, None, 1.0190544128417973, None, None, None, None, 1.0147225856781006, 1.0178587436676028, None, 1.014892578125, 1.0151667594909668, 1.0199331045150757, None, None, None, None, None, 1.0132936239242554, None, None, None, 1.0146425962448118, 1.0148220062255857, 1.0143944025039673, None, None, 1.0121796131134035, 1.0142157077789307, None, 1.0171841382980344, None, 1.0144999027252197, None, None, None, 1.019357919692993, None, None, None, 1.0172775983810425, None, 1.0145196914672847, 1.0147732496261597, 1.0203514099121096, None, None, 1.0257185697555544, 1.0221920013427732, None, None, 1.014622449874878, None, 1.0176889896392818, None, None, 1.0213783979415894, 1.0148159265518188, 1.021146297454834, None, None, None, None, None, None, None, None, None, None, None, None, 1.020662546157837]",0.11414074897766113,0.5223910808563232,1.8892827033996582,1.911268711090088,233.0915904045105,-0.013172149658203125,0.013172149658203125,0.0001735055266181007,-0.013172149658203125,0.013172149658203125,0.0001735055266181007,-0.01674831108968755,0.01674831108968755,0.000280505924356951,False
auto,0.8352631578947368,0_-2_to_3_0,1.0852584838867188,1.0767884254455566,1.0766204595565791,1.0766204595565791,1.0693280921466108,0.0055971844035983525,1.0679835016408672,1.0706726826523545,0.345,"[None, None, None, None, 1.066067457199097, None, 1.0656092166900633, None, None, None, None, None, 1.0654649734497073, None, None, None, 1.070346713066101, 1.0653879642486566, None, None, 1.0720844268798826, None, None, None, 1.068224787712097, None, None, 1.0797479152679446, 1.0659704208374026, None, None, None, 1.0785719156265254, None, 1.0651267766952517, 1.0694621801376343, 1.0661822557449336, 1.064531445503235, 1.0829063653945916, 1.0691108703613286, 1.0645905733108518, None, 1.0702700614929206, None, None, 1.065925836563111, None, 1.0650067329406736, 1.0653491020202632, 1.0653955936431885, None, 1.0687094926834109, None, 1.0654799938201902, 1.0648782253265383, None, None, None, 1.0836635828018182, None, 1.074025869369507, None, None, None, None, None, None, None, None, 1.0723901987075806, 1.0655744075775153, None, None, None, None, None, None, None, None, None, 1.0655769109725945, None, None, None, None, None, None, None, 1.0651222467422485, None, 1.0785719156265254, 1.0736604928970337, None, None, 1.0634495019912724, 1.0785719156265254, None, None, None, None, 1.0656087398529053, None, None, None, 1.0707529783248901, None, None, None, None, None, None, 1.0617420673370357, None, None, 1.0663784742355344, 1.0799672603607178, None, 1.064911007881164, None, None, None, None, 1.0665733814239509, 1.0653878450393681, 1.0658563375473022, 1.0649951696395874, None, 1.0703785419464114, None, None, None, 1.0750892162322998, 1.065361142158509, None, None, 1.0649944543838503, None, None, None, None, 1.0714068412780757, 1.066414713859558, None, None, 1.0693722963333128, None, 1.0775785446166997, 1.064903259277344, None, 1.0653427839279177, None, 1.0653558969497683, 1.0867773294448853, 1.0680830478668213, None, None, None, None, None, None, 1.074949860572815, 1.076270818710327, None, None, None, 1.073017358779907, None, 1.065472841262817, None, None, None, 1.065089821815491, None, None, None, None, 1.0660990476608276, None, None, None, None, None, None, None, 1.065031290054322, None, None, 1.0705713033676143, None, None, None, None, 1.0684354305267327, None, 1.0785425901412964, 1.065918326377869, None, None, None, None]",0.11726164817810059,0.5124194622039795,1.8934745788574219,1.9935741424560547,266.5079116821289,-0.008638024330139604,0.008638024330139604,7.461546432808376e-05,-0.008638024330139604,0.008638024330139604,7.461546432808376e-05,-0.015930391740107908,0.015930391740107908,0.0002537773809932982,False
auto,0.8868421052631579,0_-2_to_3_0,1.1368408203125,1.1411960124969482,1.1162539720535278,1.116237998008728,1.117696301690463,0.004293264235184443,1.1165674454050851,1.118825157975841,0.29,"[None, None, 1.1166306734085083, None, None, None, None, None, None, None, 1.115909457206726, None, 1.115931034088133, None, None, 1.1160711050033587, None, None, None, None, 1.1172606945037824, None, None, 1.118093609809872, None, None, None, None, 1.1168017387390101, 1.115906000137329, 1.1297208070755005, None, None, None, None, None, None, None, None, None, None, None, None, 1.116779088973999, 1.1171960830688477, None, 1.1160787343978882, None, None, 1.116105675697323, None, 1.1160825490951538, 1.115860104560852, None, None, None, 1.117139458656311, None, None, None, 1.11745285987854, None, None, None, None, None, 1.1192560195922834, None, None, None, None, 1.11576199531555, None, 1.1161482334136963, 1.1154156923294067, 1.1175926923751849, None, None, None, 1.1164381504058838, None, None, None, 1.1155864000320435, None, None, 1.115906000137329, None, None, None, None, None, None, 1.1168900728225708, None, None, 1.116424322128296, 1.1169495582580566, None, 1.13893461227417, None, 1.1161482334136963, 1.1169066429138201, None, None, None, 1.1147961616516078, None, None, None, 1.1163568496704102, None, None, 1.1158581972122192, None, None, None, None, 1.1161036491394078, None, 1.115606427192688, None, None, None, 1.115906000137329, None, None, 1.1156929731369, None, None, 1.1168869733810425, 1.1172606945037824, None, None, None, None, None, None, None, 1.1160544157028198, None, None, 1.1158255338668823, None, None, None, None, None, None, None, 1.116419434547426, 1.1163443326950073, None, None, None, None, None, 1.1197303533554077, 1.1246674060821533, None, 1.1227611303329468, 1.1171281337738037, 1.120345950126648, None, None, None, None, 1.1149648427963257, None, None, None, None, 1.1166996955871582, None, None, 1.1162316799163818, 1.117139458656311, None, None, None, None, None, None, None, None, 1.1151390075683558, None, 1.1156368255615234, None, None, 1.1163506507873553, None, None, None, None, None, 1.1341150999069214, None, None, 1.1169853210449219]",0.11226129531860352,0.5213110446929932,2.8028833866119385,2.484186887741089,249.66132855415344,-0.020586848258972168,0.020586848258972168,0.0004238183212379454,-0.020602822303771973,0.020602822303771973,0.00042447628688080385,-0.01914451862203692,0.01914451862203692,0.00036651259326951846,False
auto,0.9384210526315789,0_-2_to_3_0,1.1883544921875,1.182810664176941,1.178969383239746,1.178969383239746,1.0758482664823539,0.1464434903042208,1.0380179014826167,1.113678631482091,0.3,"[None, None, 1.1653327941894531, 1.2422783374786377, 1.1679167747497559, None, None, None, None, None, None, 0.9106118679046631, None, None, None, 1.1724904775619507, None, None, 1.1607121229171753, 1.1278990507125854, None, None, None, 1.1600733995437622, 0.9377018809318542, None, None, None, 1.1592451333999634, None, 1.0519391298294067, None, None, None, None, 0.9099397659301758, None, None, 1.241412997245817, None, None, None, None, 1.167283535003662, None, 0.9357448816299438, 0.9952502250671387, None, None, None, None, 1.2907464504241943, None, None, 1.1422224044799805, None, None, None, 1.2180143594741821, None, None, 1.220802664756775, None, None, None, None, None, None, None, 0.8023257851600647, None, None, None, None, None, None, None, None, None, 0.9719972014427185, 0.8995722532272339, None, None, None, None, None, 1.1597806215286255, 0.8847240805625916, None, None, None, None, None, None, None, None, 1.1779592037200928, 0.8604547381401062, 1.0761528015136719, 0.909116268157959, 1.2745367288589478, 1.3188111782074117, 0.9498381018638611, None, None, None, 0.7779387831687927, None, 1.2251588106155396, None, None, 0.8955568075180054, 0.8279752135276794, 0.9387880563735962, None, None, None, None, None, None, None, None, None, 1.265289545059204, None, 1.1547143459320068, None, None, None, 1.0912654399871826, 1.1623436212539673, None, None, None, 1.231364369392395, None, 0.9745800495147705, None, None, None, None, None, None, 1.1987119913101196, None, 0.9176701903343201, 1.0039440393447876, None, None, None, None, None, None, 1.1779592037200928, None, None, None, 1.1678303480148315, None, None, None, 1.2548259496688843, 1.003385066986084, 1.232070803642273, None, None, None, 1.1823256015777588, None, 1.0599864721298218, None, None, None, None, None, None, None, 1.0713504552841187, None, 1.3042147159576416, None, 1.078916072845459, 0.9283033609390259, None, None, None, None, None, None, None, 0.9124138951301575, None, None, None, None, 0.8023257851600647, None, 1.0467997789382935, None, None]",0.10671305656433105,0.5187366008758545,2.5191304683685303,2.510169506072998,239.60175776481628,-0.009385108947753906,0.009385108947753906,8.808026996121043e-05,-0.009385108947753906,0.009385108947753906,8.808026996121043e-05,-0.11250622570514612,0.11250622570514612,0.012657650822417283,False
auto,0.99,0_-2_to_3_0,1.1875,0.043140832356584724,0.04313743488455657,0.04313743488455657,0.023348270489694904,0.007759168383858948,0.02144082882765665,0.025255712151733157,0.33,"[None, None, None, None, None, None, 0.025525772929540835, None, 0.03218661994469585, None, None, None, None, None, 0.043015807881602086, None, 0.022561822093848605, 0.014221671022824012, None, 0.01756967603432713, None, 0.018577890448796097, None, None, None, None, None, 0.03218696637486573, None, None, None, 0.01708897388743935, 0.022065002442104742, None, None, None, 0.01790032536518993, None, 0.025567578144546133, None, None, 0.02149083837866783, None, 0.025525771095999517, None, None, None, None, 0.025733314447279554, None, 0.02532104960846482, None, None, None, None, None, 0.014294194050307851, None, 0.02149052731692791, None, 0.047398634254932404, None, None, 0.02208399400842609, None, 0.017900327206007205, 0.014393998280866072, 0.021911965690378565, None, 0.014344301096571144, 0.0142943793835002, None, None, None, None, None, None, None, 0.02256183324061567, None, None, None, 0.021490529194124974, None, 0.01838414741359884, 0.03187634050118504, None, None, None, None, None, None, 0.02535457724297885, 0.017321432009339333, None, None, None, None, None, None, 0.02152068167924881, None, None, 0.024208080016251188, 0.025304576389316935, None, None, None, 0.04745649174583377, 0.02551161310839234, 0.025354802586662117, None, 0.024197669721615966, None, None, None, None, None, None, 0.02344081365299644, 0.014344298280775547, 0.024228917463915423, None, None, None, None, None, 0.02149052731692791, None, None, None, 0.025511294610623736, 0.022083844960434362, None, None, None, 0.01440956442093011, None, 0.014467081076873, 0.022186394809978083, None, 0.017336934768536594, None, None, 0.02546816504036542, 0.024208096772781573, None, None, 0.014232878551410977, None, None, None, 0.035007603459234815, None, None, None, None, None, None, None, 0.0185717791391653, None, None, None, None, None, 0.01839155143534299, 0.025321051485661883, None, None, 0.025534374646667857, None, None, 0.022543020539160352, 0.04313741996884346, 0.02148967795073986, None, None, 0.014474269933998585, 0.01446048823709134, None, None, None, None, None, 0.02342040091753006, None, None, None, None, None, None, 0.043014422051783185, None, None, 0.022543020539160352, None, 0.021911954499955755, None, 0.02256182955170516]",0.10165286064147949,0.5373883247375488,2.493800401687622,2.4851276874542236,264.82821702957153,-1.1443625651154434,1.1443625651154434,1.3095656804375975,-1.1443625651154434,1.1443625651154434,1.3095656804375975,-1.164151729510305,1.164151729510305,1.3552492493218342,False
cross,0.01,0_-2_to_3_0,0.010099947452545166,0.004610863514244556,,,0.0005876319017261283,0.005165926620543641,-0.0018300961791964127,0.003005359982648669,0.1,"[None, -0.0047292509116232395, None, None, None, None, None, None, None, None, None, None, None, None, None, None, None, None, None, None, None, None, 0.005337886512279514, None, None, None, None, None, None, None, None, None, None, None, None, 0.004687584936618808, None, 0.005221671890467405, 0.0051219891756772995, None, None, None, None, None, None, None, None, None, None, None, None, None, None, None, None, None, None, None, None, None, None, None, None, None, None, None, None, None, None, None, None, None, None, None, None, None, None, 0.004548226483166221, None, None, 0.005237066186964508, None, None, None, None, None, -0.007281819824129343, None, None, None, None, None, None, None, None, None, -0.005081813782453537, None, None, None, None, None, None, None, None, None, None, None, -0.004264294635504477, None, None, None, -0.005617846269160502, None, None, None, None, None, None, None, 0.006158783566206694, None, None, None, None, 0.005255640018731356, None, None, None, None, None, None, None, None, None, None, None, -0.004839887376874685, None, None, None, None, None, None, None, None, None, None, None, None, 0.005463333334773782, None, None, None, -0.004619697108864784, None, None, None, None, None, None, None, None, None, None, None, None, None, None, None, None, None, None, None, None, None, None, None, None, None, None, None, None, None, None, None, None, None, None, None, -0.004996440839022398, None, -0.004218753892928362, None, 0.004513586405664682, None, None, None, 0.005856674164533622, None]",0.10285830497741699,0.5292396545410156,1.457078456878662,0.829303503036499,146.11520314216614,,,,,,,-0.009512315550819038,0.009512315550819038,9.04841471383537e-05,False
cross,0.06157894736842105,0_-2_to_3_0,0.0653708428144455,0.05899321287870407,0.05902887135744094,0.05902887135744094,0.051797418134106744,0.007715595818598765,0.04983802367857419,0.0537568125896393,0.31,"[None, None, None, None, 0.02436250075697899, None, None, None, None, 0.046884447336196906, None, None, None, None, None, None, 0.0580914169549942, 0.05603143572807312, None, None, None, 0.05898984149098396, None, 0.05819808319211006, 0.04698662459850311, None, None, 0.0596277117729187, 0.047658827155828476, None, None, None, None, None, None, None, None, None, None, None, 0.04773709550499916, None, None, None, None, None, None, None, 0.0471440926194191, None, None, None, 0.05660731345415114, 0.0471440926194191, None, None, None, 0.04696412011981011, None, None, None, 0.05827634409070015, None, None, None, None, None, 0.058484192937612534, None, None, 0.04711016640067101, 0.0586819052696228, None, 0.05755644291639328, 0.057096801698207855, None, None, None, 0.0473136380314827, 0.05803225561976432, 0.046611420810222626, 0.047624494880437844, None, None, None, 0.05902887135744094, None, None, None, None, 0.047879207879304886, 0.04763026535511017, None, None, 0.04692918807268143, 0.04790817201137543, None, None, 0.04711851850152015, None, None, None, 0.047989752143621445, None, None, None, None, None, None, None, 0.05635803937911987, None, None, None, None, 0.059923380613327026, None, None, None, None, None, None, 0.04753969237208367, None, 0.04702889919281006, 0.03344788029789925, None, 0.05902887135744094, None, None, None, None, 0.05884929746389389, 0.05827634409070015, 0.058009009808301926, 0.04686575382947922, None, 0.04798375070095063, 0.05898984149098396, 0.04740040376782417, None, None, 0.04747708514332771, 0.05937062203884125, None, 0.02470492012798786, None, None, None, 0.05863295122981071, 0.0586819052696228, 0.04713096097111702, None, None, None, None, 0.057895299047231674, None, 0.04723889753222465, None, 0.04758468642830849, None, 0.05795387923717499, None, None, None, 0.04701239615678787, 0.05910201370716096, None, None, None, None, 0.05898984149098396, None, 0.04697781056165695, None, None, None, None, None, None, None, None, None, None, None, None, None, None, None, None, 0.05576325207948685, None, 0.056673716753721244, None, None, None, None, 0.0586819052696228, 0.05816737562417984]",0.1048424243927002,0.538987398147583,2.5098824501037598,1.6475415229797363,247.04441595077515,-0.006341971457004554,0.006341971457004554,4.0220601961460466e-05,-0.006341971457004554,0.006341971457004554,4.0220601961460466e-05,-0.013573424680338751,0.013573424680338751,0.00018423785755282914,False
cross,0.1131578947368421,0_-2_to_3_0,0.1259625405073166,0.1187959834933281,0.11894243210554124,0.11894243210554124,0.11296208107725103,0.005153409045727604,0.11144898349690183,0.11447517865760024,0.235,"[None, None, None, 0.11919799447059631, None, None, None, 0.10794022679328917, None, None, None, None, 0.10809922218322754, None, None, None, None, None, 0.11795567721128462, 0.11722895503044128, None, None, 0.10752295702695847, None, None, None, None, None, None, None, None, None, None, None, None, None, None, None, None, None, None, None, None, 0.11549833416938782, None, None, 0.1189250722527504, None, None, 0.11894243210554124, 0.10760242491960524, None, None, None, 0.11715937405824661, None, None, None, 0.11898110061883926, None, 0.11819306761026382, 0.1188819631934166, None, None, None, None, 0.10752637684345244, None, None, None, 0.11932412534952164, None, 0.10882750898599625, None, 0.10796511918306351, 0.11930324882268906, None, None, None, 0.10807227343320847, None, None, None, None, None, None, None, None, 0.11900230497121811, 0.11797946691513063, None, None, None, None, None, None, None, None, None, None, None, None, None, None, None, None, None, 0.10796375572681427, None, None, None, None, None, None, None, None, None, None, 0.11770843714475633, None, None, None, 0.11718152463436128, None, None, None, None, None, None, 0.11757287383079529, None, None, None, None, None, None, 0.10853669047355652, 0.11876966059207916, None, 0.10776052623987198, None, None, None, 0.10776907950639725, None, None, 0.10794208943843842, None, None, 0.11775782704353333, None, None, None, None, None, 0.10775256156921387, 0.11765529960393906, None, 0.10859724134206772, None, None, 0.10746438801288605, 0.10759873688220978, None, 0.1200580447912216, None, None, None, 0.10870423167943954, None, 0.10769493877887727, None, None, None, None, 0.10803893208503723, 0.1076897531747818, None, 0.1187841147184372, None, None, 0.10833235830068588, None, None, None, None, None, None, 0.10827485471963882, None, None, 0.115565687417984, None, None, 0.1079149767756462, None, None, None, None, None]",0.10282158851623535,0.5332419872283936,2.505239725112915,2.5021109580993652,190.76417207717896,-0.007020108401775346,0.007020108401775346,4.9281921972676804e-05,-0.007020108401775346,0.007020108401775346,4.9281921972676804e-05,-0.013000459430065558,0.013000459430065558,0.0001690119453927805,False
cross,0.16473684210526315,0_-2_to_3_0,0.19187502562999725,0.18401554226875308,0.1841876357793808,0.1841876357793808,0.17913781309669669,0.004269444484136195,0.17808825264383402,0.18018737354955935,0.33,"[None, None, 0.18367402255535126, None, 0.18375854194164273, 0.1840915083885193, 0.1827501058578491, 0.18367402255535126, None, 0.1836480051279068, 0.17432537674903867, 0.1841876357793808, 0.17477908730506897, None, None, 0.1743431389331818, None, None, None, None, None, None, 0.1837209314107895, 0.1810440719127655, None, None, None, None, None, None, None, 0.17418335378170013, None, 0.17498597502708435, 0.17466460168361664, 0.18409833312034607, None, None, None, None, None, 0.1748700737953186, 0.18343208730220792, None, None, None, 0.18371468782424927, None, None, None, None, 0.1826673001050949, None, None, None, 0.18370899558067322, None, None, None, None, None, None, None, 0.1747858077287674, 0.17368608713150024, 0.17438612878322599, None, 0.17492207884788513, None, None, None, 0.18238733708858487, None, 0.17405295372009277, 0.18247054517269135, None, None, None, 0.17500752210617068, None, 0.183060884475708, 0.17419570684432983, 0.1740056723356247, 0.17515696585178372, None, 0.1841876357793808, 0.1836349219083786, None, None, None, None, None, None, None, 0.1828877031803131, 0.1826680600643158, None, 0.1749209314584732, None, None, None, 0.17451739311218264, None, None, 0.18339411914348602, None, None, None, None, None, 0.17418317496776578, None, None, None, 0.17483648657798767, None, None, None, None, None, 0.18130888044834137, None, None, 0.1825806498527527, None, None, 0.18086616694927216, 0.18076390027999878, None, 0.18245509266853333, None, None, None, 0.18342345952987668, None, None, None, None, None, None, None, None, None, None, None, 0.17450423538684845, None, 0.174968883395195, 0.1742595136165619, None, None, 0.18318264186382296, 0.1750224232673645, 0.1750224232673645, 0.1750274896621704, None, None, None, None, 0.1743431389331818, None, None, 0.17401131987571714, None, None, None, None, None, 0.18404541909694672, None, None, None, None, None, 0.18073685467243195, None, None, None, 0.18276973068714142, None, None, None, None, None, 0.18226590752601624, None, None, None, None, None, 0.18363156914710999, None, 0.173994779586792, None, 0.18269075453281403, None, None, 0.17418843507766724, None, 0.18336202204227448]",0.11084270477294922,0.5213139057159424,2.5890960693359375,1.6412572860717773,266.8883249759674,-0.007687389850616455,0.007687389850616455,5.9095962715360884e-05,-0.007687389850616455,0.007687389850616455,5.9095962715360884e-05,-0.012737212533300568,0.012737212533300568,0.00016223658311846908,False
cross,0.2163157894736842,0_-2_to_3_0,0.2631082534790039,0.2546139359474182,0.2547589838504791,0.2547589838504791,0.2504627313816322,0.003767008926485063,0.24942441512790364,0.2515010476353608,0.265,"[None, None, None, None, 0.25393491983413696, None, 0.2547589838504791, None, 0.2542935311794281, None, None, None, None, None, 0.2528190910816193, 0.24648246169090268, None, None, None, 0.2531808018684387, None, None, None, 0.245422825217247, 0.2530837059020996, None, None, None, None, None, None, None, None, 0.24561782181262973, None, None, None, None, 0.25428980588912964, None, None, 0.2513517439365387, None, None, None, None, 0.25129094719886785, None, None, 0.2537507116794586, None, 0.253899484872818, 0.2533433735370636, None, None, None, 0.24544835090637207, None, None, None, 0.25318387150764465, None, None, None, None, 0.25381767749786377, None, None, 0.2456259429454804, None, None, None, None, None, 0.2530495226383209, 0.24562805891036987, None, None, 0.253899484872818, None, None, None, None, None, None, 0.25389623641967773, 0.25156474113464355, None, None, None, 0.2458148151636124, None, 0.25385981798171997, None, None, None, None, None, None, None, None, None, None, None, 0.2467214167118073, None, None, None, None, None, 0.2552268207073211, None, 0.24633179605007172, None, 0.24652506411075592, 0.25374189019203186, None, 0.25065734982490534, 0.25311514735221863, None, None, None, None, None, None, None, None, 0.24654555320739743, None, None, None, 0.24651205539703366, None, 0.24576079845428467, 0.24588094651699066, None, None, None, None, None, None, None, None, None, None, None, 0.2552268207073211, None, None, 0.24660463631153107, None, None, None, 0.245845764875412, 0.24569904804229736, None, None, None, None, None, 0.2548526525497436, None, None, None, None, 0.2546098530292511, None, None, 0.2553294003009796, 0.24637429416179657, None, None, None, None, None, 0.25353389978408813, 0.2532226443290711, 0.24602109193801883, None, 0.246663823723793, None, 0.24656894803047183, None, None, None, None, None, None, 0.25385981798171997, 0.24657988548278809, None, 0.2532046139240265, None, None, None, None, None, None, None, None]",0.1057896614074707,0.5172622203826904,2.5023386478424072,1.6491296291351318,208.23592853546143,-0.00834926962852478,0.00834926962852478,6.971030332980632e-05,-0.00834926962852478,0.00834926962852478,6.971030332980632e-05,-0.012645522097371686,0.012645522097371686,0.00015990922911511562,False
cross,0.26789473684210524,0_-2_to_3_0,0.33966222405433655,0.3305312693119049,0.33063235878944397,0.33063235878944397,0.32677567240438965,0.0031120255997962643,0.3260645440918314,0.3274868007169479,0.38,"[None, 0.32833021879196167, None, None, None, 0.32283103466033936, 0.33019953966140747, None, 0.3229135572910309, None, 0.32682448625564575, None, None, None, 0.3297366201877594, None, None, 0.32932415604591364, None, None, 0.32312530279159546, None, None, 0.33044496178627014, None, None, None, None, None, None, None, None, None, 0.323322594165802, 0.3290685713291168, 0.3225574195384979, None, 0.3234148025512695, None, 0.323240727186203, None, 0.3308953642845154, None, 0.3297124207019806, None, 0.33014464378356934, None, 0.3279525935649872, None, None, 0.323322594165802, 0.33036214113235474, None, 0.33045056462287903, None, 0.3232314884662629, 0.3303468823432922, 0.32270073890686035, 0.33027482032775873, 0.3229845762252807, 0.32924747467041016, 0.3275284469127655, None, None, None, None, 0.32900047302246094, None, None, 0.3292092680931092, None, 0.3236774504184723, 0.328052669763565, 0.33016955852508545, None, None, 0.3235102891921997, None, None, 0.3231717646121978, 0.32300010323524475, None, None, 0.3282842934131623, 0.3291438817977905, 0.33096721768379217, None, None, 0.32300010323524475, None, None, None, 0.33083483576774597, None, 0.3222973346710205, None, None, None, None, None, None, None, None, 0.322360098361969, None, 0.3230878710746765, None, 0.32894304394721985, None, None, 0.32283103466033936, None, None, 0.3231176733970642, None, None, None, 0.32954263687133795, 0.3271445035934448, None, None, None, None, None, None, None, None, 0.326261967420578, 0.32790976762771606, 0.32787811756134033, 0.3291943669319153, None, None, None, None, None, None, None, 0.32243907451629644, None, 0.3287276029586792, None, 0.32367587089538574, 0.3235441744327545, None, None, 0.3228115141391754, None, None, 0.329752117395401, None, None, None, 0.32895427942276, 0.32893744111061096, None, 0.33036214113235474, None, 0.33001115918159485, None, None, 0.32302632927894587, None, None, None, 0.3236848711967468, 0.329057514667511, None, None, 0.33044496178627014, None, None, 0.3233392834663391, None, None, 0.3233061730861663, 0.3288007974624633, None, None, None, 0.32927101850509644, None, None, 0.3275785148143769, None, 0.3292674422264099, None, None, None, None, None, 0.3289908170700073, None, None, None, 0.3289666771888733, None, None, None, 0.3229222595691681]",0.12069869041442871,0.534214973449707,2.6016430854797363,1.6525743007659912,302.78019309043884,-0.009029865264892578,0.009029865264892578,8.153846670211351e-05,-0.009029865264892578,0.009029865264892578,8.153846670211351e-05,-0.012886551649946898,0.012886551649946898,0.0001660632134267491,False
cross,0.3194736842105263,0_-2_to_3_0,0.4215370714664459,0.41170868277549744,0.41177570819854736,0.41177570819854736,0.4081206188119691,0.002647078011399492,0.40742460512928796,0.4088166324946502,0.29,"[None, None, None, None, None, 0.40976765751838684, None, None, None, None, None, 0.4057348668575287, None, None, 0.40934595465660095, 0.4114834666252136, 0.4108785092830658, None, None, None, 0.40480682253837585, None, 0.40546947717666626, None, None, 0.4051736295223236, None, None, None, None, None, None, 0.4093645215034485, 0.4102054834365845, None, 0.4059477746486664, None, 0.41155990958213806, None, None, None, None, 0.40591704845428467, None, None, None, None, None, None, None, 0.41012144088745117, 0.4049481451511383, None, None, None, None, None, None, None, None, None, None, 0.41093024611473083, 0.4106203615665436, None, None, None, 0.4059339165687561, None, None, None, None, None, None, None, None, 0.40574195981025696, None, None, 0.41067367792129517, 0.4094583094120025, None, None, 0.4059360027313233, None, 0.4115391969680786, 0.405127465724945, 0.4104993045330048, None, 0.41035082936286926, None, None, None, None, None, None, 0.405491441488266, 0.41025933623313904, None, None, 0.40531060099601746, 0.4055131077766418, 0.4053474366664886, None, None, None, None, None, None, None, None, None, 0.4113649427890777, None, 0.4052952826023102, 0.41020506620407104, None, 0.4106698930263519, 0.4097826182842254, None, None, None, None, None, 0.4047207236289978, None, None, None, None, None, None, 0.40582603216171265, None, None, None, 0.4045164585113526, 0.4120242297649384, None, None, None, 0.40468183159828175, 0.4115860164165496, 0.4115860164165496, None, None, None, None, None, None, None, 0.4059151411056518, None, None, None, None, None, None, None, None, None, None, None, 0.41143760085105896, None, None, 0.4103063642978669, None, 0.40884947776794434, 0.40543544292449946, None, 0.4087377190589905, None, 0.41047886013984675, None, 0.4050389230251312, None, None, None, None, None, None, None, None, 0.4101880490779877, 0.4051626622676849, None, None, 0.41002118587493896, 0.40494731068611145, None, None, 0.40602731704711914, None, 0.40531116724014277, None, None, None, None, 0.41142165660858154, None]",0.12425613403320312,0.6016485691070557,2.5082836151123047,1.6929268836975098,236.92104649543762,-0.00976136326789856,0.00976136326789856,9.528421284787925e-05,-0.00976136326789856,0.00976136326789856,9.528421284787925e-05,-0.01341645265447683,0.01341645265447683,0.00018000120182981835,False
cross,0.37105263157894736,0_-2_to_3_0,0.5087326765060425,0.49809920787811285,0.49815961718559265,0.49815961718559265,0.495032943212069,0.002104744837667712,0.49444697850737707,0.4956189079167609,0.26,"[None, 0.4971724748611449, 0.49293562769889826, None, 0.4951478540897368, None, None, 0.49305629730224615, None, 0.49522385001182556, 0.49289241433143616, None, None, None, None, None, None, None, None, None, None, None, 0.49522745609283453, None, None, None, None, 0.4966538846492767, None, None, 0.4966538846492767, 0.4934786558151245, None, None, None, None, None, 0.49605935811996454, None, None, None, 0.4985294938087462, None, None, None, None, None, None, 0.49665591120719915, None, None, None, 0.4965903162956237, None, 0.4933566749095916, None, None, None, None, None, None, 0.4923176169395446, 0.49815961718559265, None, 0.4947480261325836, None, None, None, None, None, None, None, None, None, None, None, None, 0.4921940565109253, 0.4925796389579773, None, None, None, 0.4985294938087462, None, None, None, None, None, 0.4928230047225952, 0.4930080473423004, None, 0.4930458664894104, 0.4930444955825807, None, None, None, None, 0.49666649103164673, None, None, None, None, 0.49259606003761286, None, None, None, None, None, 0.49760195612907404, None, None, 0.49734020233154297, None, None, None, None, 0.49300673604011536, 0.49819615483283997, None, None, None, None, None, None, 0.49261954426765436, None, None, None, None, 0.4930050373077393, 0.4967080056667328, None, None, None, None, None, None, None, None, None, None, None, 0.49264395236969005, 0.49658590555191034, None, None, None, 0.4985616207122803, None, 0.4963955283164978, None, None, 0.4925588369369507, None, 0.4932160377502442, None, None, None, 0.49354630708694464, None, None, None, 0.49601462483406067, None, None, None, None, 0.4952937960624695, 0.49675291776657104, None, None, None, None, None, 0.49235644936561584, None, 0.4951478540897368, 0.4975698292255402, None, None, None, None, None, 0.4923727810382843, None, None, 0.4979359805583954, 0.49686771631240856, None, None, None, None, 0.49671477079391485, None, None, None, 0.493353933095932, None, None, None]",0.11144447326660156,0.5430474281311035,2.527209758758545,2.518861770629883,209.9829819202423,-0.010573059320449829,0.010573059320449829,0.000111789583393751,-0.010573059320449829,0.010573059320449829,0.000111789583393751,-0.013699733293973504,0.013699733293973504,0.00018768269232600612,False
cross,0.4226315789473684,0_-2_to_3_0,0.6012493371963501,0.5896763205528259,0.5897639989852906,0.5897639989852906,0.5872111427979391,0.0014699851472957113,0.5868346621205544,0.5875876234753238,0.305,"[None, None, None, None, None, None, 0.5862051248550414, None, 0.585987389087677, 0.5871562361717224, 0.5879378318786621, None, 0.5876216888427735, None, 0.585699737071991, None, None, None, None, None, None, 0.5880033373832702, 0.5898920297622681, None, None, 0.5857575535774231, 0.5855110883712769, None, 0.5868306159973145, 0.5875840187072754, 0.5865047574043274, None, None, None, 0.5885356664657593, None, None, None, None, 0.5902594923973083, None, None, None, 0.5855289697647095, None, 0.585988461971283, None, None, None, None, 0.5862121582031249, None, None, None, None, None, 0.5876724123954774, None, None, 0.5867473483085632, None, 0.5864478945732117, 0.5867028832435608, None, None, None, 0.586277425289154, None, None, None, None, None, None, 0.5865070819854735, None, None, None, None, None, None, 0.5852745175361633, None, None, 0.590176284313202, None, None, None, None, None, None, None, None, 0.585972011089325, 0.5866944789886475, None, None, None, 0.5874212384223938, 0.5858742594718934, None, 0.5884236097335814, None, None, None, 0.5902848243713379, 0.5858069062232971, 0.5859003067016602, None, None, None, 0.5861694812774658, None, 0.5886964797973634, None, None, None, None, 0.5879020094871521, None, None, None, None, 0.5874212384223939, None, None, None, None, None, None, None, 0.5898534655570985, None, None, None, None, None, None, None, None, None, None, None, None, None, None, None, 0.5860981941223146, None, None, None, None, 0.5854511857032775, None, 0.5865221619606018, None, None, None, None, 0.5875754952430725, 0.5889542102813721, None, None, None, 0.5888247489929199, 0.5902594923973083, None, 0.5862051248550414, None, 0.585785448551178, None, 0.5864906907081604, 0.5861647129058838, 0.5860568881034851, 0.588843047618866, None, 0.5853476524353027, None, None, None, None, None, None, 0.5857809782028197, 0.5880337953567504, 0.5896953940391542, None, 0.5884146690368651, None, 0.5857738256454468, None, 0.5895333886146545, None, None, 0.5862390995025636, None, None, None, None, None, 0.5883871912956237]",0.11114335060119629,0.5364730358123779,2.5092368125915527,1.717787742614746,251.01925826072693,-0.01148533821105946,0.01148533821105946,0.0001319129938224225,-0.01148533821105946,0.01148533821105946,0.0001319129938224225,-0.01403819439841103,0.01403819439841103,0.00019707090196757881,False
cross,0.47421052631578947,0_-2_to_3_0,0.6990863680839539,0.6864290833473204,0.6865832805633545,0.6862938404083252,0.6847995601851364,0.0009858215132945946,0.6845403516317883,0.6850587687384846,0.29,"[None, None, None, None, None, None, None, None, None, None, None, None, None, 0.686091423034668, None, None, None, None, None, 0.6852919459342957, None, None, None, 0.6834338307380676, 0.6846995949745178, None, None, None, None, None, None, None, None, None, None, None, None, None, None, None, None, 0.6873865723609924, 0.6846746802330017, None, None, None, None, 0.68513023853302, 0.6844987273216248, None, 0.6842281818389893, None, None, None, 0.6838504076004028, 0.6839079856872559, None, 0.6847255229949951, 0.6847649216651917, 0.6840974688529969, None, None, 0.6845390200614929, None, None, None, None, None, None, None, None, None, None, None, None, None, 0.6860544085502625, 0.6843245625495912, None, None, None, 0.6843197345733643, 0.6839442849159241, None, 0.6842755079269409, 0.6874577403068542, None, None, None, 0.686858057975769, 0.6838873028755188, None, 0.684320330619812, None, None, 0.6861925721168518, None, 0.6847398281097413, 0.684658408164978, None, None, None, None, None, None, None, None, None, None, None, None, 0.686858057975769, None, 0.6847634315490724, None, 0.6838849782943724, None, None, None, 0.6854158639907837, 0.6841665506362915, None, None, 0.6855779886245728, None, 0.68382328748703, 0.6845390200614929, None, 0.6824817061424254, None, None, 0.6844310164451598, None, None, None, None, 0.6834388971328735, None, 0.684658408164978, None, 0.6858342885971069, None, None, None, 0.6845937967300415, 0.6852892637252808, None, None, None, None, 0.6847988367080688, None, None, None, None, 0.684295952320099, 0.6850466132164003, None, None, None, 0.6844207048416139, None, 0.6839638948440551, None, 0.6843828558921815, 0.6847528815269471, 0.6828148365020752, None, None, None, None, 0.6847310662269591, None, 0.6848068237304688, None, None, None, 0.6848238110542297, None, 0.6845344305038452, 0.6854158639907837, None, None, 0.6856447458267213, None, None, None, None, None, 0.6864490509033203, None, None, None, None, None, None, None, None, None, 0.6853823065757751]",0.1162562370300293,0.5322706699371338,2.582836627960205,1.3160817623138428,227.39452385902405,-0.012503087520599365,0.012503087520599365,0.00015632719754776758,-0.012792527675628662,0.012792527675628662,0.00016364876433172526,-0.014286807898817422,0.014286807898817422,0.0002041128799377119,False
cross,0.5257894736842105,0_-2_to_3_0,0.8022440671920776,0.7883623838424683,0.788626492023468,0.788626492023468,0.7876109236576518,0.0010812374634313073,0.7873340058851185,0.7878878414301852,0.305,"[None, 0.7871169447898865, None, None, None, None, None, None, 0.788353145122528, None, None, None, 0.7872723937034606, None, None, None, None, None, None, 0.7884150147438049, 0.7867183685302734, 0.7875577211380006, None, None, 0.7890273928642273, None, 0.7865563035011292, None, None, None, None, 0.788071632385254, None, None, None, None, 0.7880120277404785, 0.7877724766731263, None, None, None, None, None, 0.7885359525680542, 0.7878302335739136, None, None, None, None, None, None, None, None, None, 0.7874450087547303, None, 0.7878448963165283, 0.7882103323936464, 0.788282573223114, None, None, None, None, None, None, None, None, 0.7874912619590758, 0.786865770816803, None, 0.7881869673728943, 0.7872422933578491, None, None, None, None, 0.78792542219162, None, None, None, None, None, None, None, None, None, None, None, None, None, 0.785088300704956, None, None, 0.786588728427887, None, None, 0.7877280712127686, None, None, None, None, 0.7867298722267153, None, 0.7884247899055482, None, None, 0.7868223190307616, None, 0.7873153686523439, 0.7876865267753601, None, 0.7881930470466614, None, None, 0.7898526191711426, None, 0.7874786257743835, None, 0.7876728773117067, None, None, None, None, None, None, None, 0.7882103323936464, 0.7876925468444824, None, None, 0.786810040473938, 0.7871110439300537, 0.7854175567626952, None, None, 0.7905525565147399, None, None, None, 0.786795437335968, None, None, None, None, None, None, None, None, None, None, None, None, 0.7850388884544373, 0.7880020141601561, None, 0.7865180969238281, None, None, None, 0.7885359525680542, 0.7902515530586242, 0.7896242141723633, None, None, 0.7876148223876953, None, 0.7872629761695862, 0.7873623967170715, 0.7889835238456726, None, None, 0.7869671583175659, None, None, 0.7880971431732179, None, None, None, None, 0.786249041557312, 0.7883546948432922, None, None, None, None, None, None, None, None, 0.7851217985153198, None, 0.7867239713668823, None, 0.787339985370636, None, 0.7875909209251404, None, 0.7877969741821289, None, 0.78792542219162]",0.1261918544769287,0.5380315780639648,2.586660623550415,1.651216983795166,247.6544017791748,-0.01361757516860962,0.01361757516860962,0.0001854383534727333,-0.01361757516860962,0.01361757516860962,0.0001854383534727333,-0.014633143534425797,0.014633143534425797,0.0002141288896991075,False
cross,0.5773684210526315,0_-2_to_3_0,0.9107226133346558,0.8954910635948181,0.895914554595947,0.8953998088836669,0.8958589686797216,0.001178971271548712,0.8955307409817082,0.896187196377735,0.26,"[None, 0.8959563970565794, None, None, None, None, None, 0.8950570821762086, None, None, 0.8948087096214294, None, None, None, 0.8972590565681456, None, None, None, None, None, None, None, None, None, None, None, None, None, None, None, 0.896880030632019, None, 0.8952715992927551, None, None, None, 0.8940125703811647, None, 0.8972679376602174, None, None, 0.8960986733436586, None, None, None, 0.8969852328300476, None, 0.8950095176696777, None, None, None, None, None, None, 0.8959912061691284, None, None, None, None, None, 0.8958053588867189, None, None, None, None, 0.8970568776130675, None, None, None, 0.8947910666465759, 0.8948940038681029, None, None, None, None, None, None, None, None, None, None, None, 0.8949253559112549, 0.897253155708313, None, None, 0.8962532281875611, 0.8947882056236267, 0.8945328593254089, None, 0.89412921667099, None, None, None, 0.8985311388969421, None, None, 0.8966163992881774, 0.8970478773117065, None, None, None, 0.8962541818618774, None, 0.8963665962219238, 0.8955251574516296, None, None, 0.8949933052062988, None, None, 0.8965068459510802, None, None, None, None, None, None, None, None, 0.8967365026473999, None, 0.8948037624359131, None, None, 0.8954304456710815, 0.8971958160400391, 0.8961815237998962, None, None, None, None, None, None, None, None, None, None, None, None, None, None, None, 0.8961669802665709, 0.8948087096214294, 0.8966165781021118, None, 0.8966946601867675, None, 0.8927965760231018, None, 0.8971704244613647, None, None, None, None, None, None, None, None, None, None, None, None, None, 0.8945654630661012, None, None, None, None, 0.8970882892608643, None, None, None, None, None, 0.89554625749588, None, None, 0.8967941403388977, 0.8948974609375, None, 0.8951412439346312, None, None, None, 0.8931351304054261, None, None, None, None, 0.8965434432029725, None, None, None, None, 0.8948087096214294, None, 0.8972172141075133, 0.8974581956863404]",0.1034548282623291,0.5312068462371826,2.5072314739227295,1.3619320392608643,217.68849754333496,-0.014808058738708718,0.014808058738708718,0.00021927860360904764,-0.01532280445098888,0.01532280445098888,0.00023478833624324466,-0.014863644654934172,0.014863644654934172,0.00022092793242815318,False
cross,0.6289473684210526,0_-2_to_3_0,1.0245221853256226,1.0078479051589966,1.0084738731384277,1.0084738731384277,1.0096525609493257,0.0016190063143676275,1.0092343272696847,1.0100707946289667,0.3,"[None, 1.0114009380340576, None, None, None, None, None, None, 1.0107846260070799, 1.0116966962814329, None, 1.0084726810455322, None, 1.010445713996887, None, None, None, None, None, None, None, None, None, None, None, None, 1.0081005096435547, None, None, None, 1.01042640209198, None, None, None, 1.0111428499221802, None, None, None, None, 1.0070139169692995, None, 1.009224534034729, None, None, 1.0097477436065676, 1.0105515718460083, None, None, None, None, None, None, None, None, None, None, None, None, None, 1.0109218358993528, 1.0089397430419922, None, 1.010794520378113, 1.0108262300491333, 1.0110173225402832, None, None, None, 1.0103288888931274, None, 1.0075722932815552, None, None, None, 1.0112855434417725, None, None, None, None, None, None, None, 1.0084726810455322, 1.0116966962814329, None, 1.0085722208023074, 1.0104500055313108, None, None, None, None, None, None, None, None, None, None, None, None, None, 1.0115470886230467, 1.0100455284118652, None, 1.0062003135681152, 1.0071797370910645, None, None, None, 1.0098053216934202, 1.007878065109253, 1.0114638805389404, None, None, None, None, None, None, None, None, 1.0070732831954958, None, None, None, None, None, None, 1.010736584663391, 1.0092980861663818, 1.0076818466186521, None, None, None, None, None, 1.0106276273727417, None, None, None, None, 1.0097167491912842, None, None, None, None, 1.0108815431594849, 1.0112892389297485, None, 1.01064395904541, None, None, None, 1.0065916776657102, None, 1.010614275932312, None, None, 1.0067169666290285, None, 1.0081045627593994, None, 1.010596990585327, 1.0084726810455322, None, 1.0103232860565188, None, None, None, 1.0112484693527222, 1.01141357421875, None, None, None, None, 1.0117013454437256, None, None, None, 1.0076342821121216, 1.0102832317352293, None, 1.010445713996887, 1.0100284814834595, 1.009227991104126, None, 1.0091716051101687, None, 1.005182147026062, 1.0077807903289795, None, None, None, 1.0109980106353758, None, None, None, 1.01066255569458, None, None, None, None]",0.11939287185668945,0.5216512680053711,2.5281615257263184,2.5144808292388916,247.4019911289215,-0.016048312187194824,0.016048312187194824,0.0002575483240576659,-0.016048312187194824,0.016048312187194824,0.0002575483240576659,-0.014869624376296908,0.014869624376296908,0.00022110572909216322,False
cross,0.6805263157894736,0_-2_to_3_0,1.1436424255371094,1.1254698038101194,1.1263417005538943,1.1254292726516724,1.1279906034469604,0.0021171270511450664,1.1274483820321448,1.128532824861776,0.305,"[None, 1.1279362440109253, None, 1.127079367637634, None, 1.1273555755615234, None, None, None, None, None, None, None, None, 1.1265506744384766, None, None, None, None, 1.1267395019531248, None, 1.1233208179473875, None, None, None, None, None, None, 1.126268744468689, None, None, 1.1271605491638186, None, None, None, None, None, None, None, None, 1.1265634298324585, 1.1285303831100464, None, 1.1265118122100832, 1.125106453895569, None, 1.1308343410491941, None, None, None, None, None, 1.1253181695938113, None, 1.1273252964019778, None, None, 1.1282265186309814, None, 1.1256299018859863, None, None, None, 1.126508116722107, 1.1301244497299194, None, None, 1.1306082010269167, None, None, 1.1233208179473875, None, None, None, 1.1299163103103638, None, None, None, None, 1.124698519706726, None, None, None, None, None, None, 1.1247150897979736, None, None, 1.1304363012313843, 1.1273232698440552, None, 1.1303277015686035, 1.126583456993103, None, None, None, None, None, None, 1.1310625076293945, None, None, None, None, None, None, None, None, None, None, 1.1267833709716797, None, None, None, 1.1273421049118042, None, 1.1310566663742065, None, None, None, 1.1235581636428833, 1.1266872882843015, None, None, None, None, None, 1.127079367637634, None, None, 1.130232334136963, 1.1295074224472048, 1.1292548179626463, 1.1306082010269167, None, 1.1269221305847166, None, None, None, None, None, None, None, None, None, None, 1.1299811601638794, 1.129528880119324, None, None, 1.126739263534546, None, 1.1300915479660032, 1.127411603927612, None, None, 1.1306281089782715, None, None, None, 1.130929708480835, 1.1302895545959473, None, None, None, None, 1.1297643184661863, None, None, None, None, None, None, None, None, None, None, None, 1.1300451755523682, 1.1309900283813477, None, None, None, None, 1.1298950910568237, None, None, 1.1268192529678343, None, 1.1281663179397583, 1.1261186599731443, 1.1263320446014404, 1.1269441843032837, 1.1280081272125244, 1.1304130554199219, 1.1269221305847166, None, None, 1.1302942037582397]",0.11605453491210938,0.5329749584197998,2.4868295192718506,1.267754077911377,245.49099159240723,-0.01730072498321511,0.01730072498321511,0.00029931508494484345,-0.01821315288543701,0.01821315288543701,0.00033171893802830255,-0.015651822090148926,0.015651822090148926,0.0002449795347416739,False
cross,0.7321052631578947,0_-2_to_3_0,1.2680833339691162,1.2484036684036257,1.2495491504669187,1.2483901977539062,1.2527475396792094,0.002497511638988357,1.2521023640097566,1.2533927153486621,0.3,"[None, None, None, None, 1.2522547245025635, None, 1.2505090236663818, None, 1.2557529211044312, 1.248545050621033, None, None, None, None, None, None, None, None, None, None, 1.2500945329666138, None, 1.2556514739990234, None, None, None, None, 1.2490315437316895, None, None, 1.2523308992385862, None, 1.2506697177886965, 1.2543754577636719, None, None, None, None, 1.2513705492019656, None, 1.2499637603759766, None, 1.2527623176574705, None, None, None, None, None, None, None, 1.2560048103332522, None, None, None, 1.248332858085632, None, None, None, 1.2555559873580933, None, 1.2524663209915161, None, None, 1.2503851652145386, 1.2546070814132688, 1.2558062076568606, 1.2500945329666138, None, None, 1.2552762031555174, None, None, 1.2550097703933716, 1.2546687126159668, None, None, None, None, None, 1.2487018108367918, None, 1.2555431127548218, None, None, None, 1.2550427913665774, 1.2495491504669187, None, None, None, None, None, None, None, 1.2505053281784055, None, None, None, None, None, None, None, None, 1.252387285232544, None, None, None, None, None, None, None, None, 1.2543723583221436, None, 1.2555477619171143, None, None, None, 1.250519037246704, 1.2503941059112549, None, None, 1.2557969093322754, 1.2506672143936157, None, None, None, None, None, None, None, 1.255911111831665, 1.2549303770065308, None, None, None, 1.2558213472366333, 1.2512056827545164, None, None, None, None, None, None, 1.2532449960708618, 1.2519519329071047, None, 1.2509671449661255, None, 1.2543939352035522, None, None, None, None, None, None, None, 1.251463532447815, None, 1.2546690702438357, None, 1.2551388740539553, None, None, None, 1.2547416687011719, 1.2547177076339722, None, 1.24924898147583, None, None, None, None, None, None, None, None, None, None, None, 1.2520343065261839, None, 1.250572681427002, 1.2487773895263674, 1.2555925846099854, None, None, None, 1.255911111831665, None, 1.249260663986206, 1.2523425817489624, None, None, 1.250291109085083, None, 1.2551660537719727, None, None, 1.2559510469436646]",0.10454368591308594,0.5395116806030273,2.532860040664673,1.8852508068084717,238.90600609779358,-0.018534183502197488,0.018534183502197488,0.00034351595809312954,-0.01969313621520996,0.01969313621520996,0.0003878196139908141,-0.015335794289906834,0.015335794289906834,0.00023518658650233907,False
cross,0.7836842105263158,0_-2_to_3_0,1.3978455066680908,1.376700758934021,1.3781331777572632,1.3781331777572632,1.3815344237444693,0.0030246612065785903,1.3807318731002551,1.3823369743886835,0.285,"[None, None, None, None, None, 1.3861323595047, None, None, None, 1.3799258470535278, None, None, None, None, None, 1.3799258470535278, None, None, 1.3806446790695188, None, None, 1.385382056236267, None, None, 1.3809305429458618, 1.377650499343872, None, None, None, 1.3859550952911377, 1.3789947032928467, None, 1.3802815675735474, 1.3798476457595825, None, None, None, None, 1.381094217300415, None, None, None, None, None, None, None, 1.3852072954177856, None, 1.37549889087677, None, None, 1.3775004148483274, None, None, None, None, 1.386128783226013, None, None, None, 1.3852626085281372, None, None, 1.3802670240402222, None, None, 1.3763102293014526, None, 1.3797534704208374, None, None, None, None, None, None, None, None, None, None, None, None, None, None, None, None, 1.379331827163696, None, 1.3838196992874146, None, 1.3848397731781006, 1.379944086074829, None, None, None, None, 1.3780609369277954, None, None, None, None, None, None, None, None, None, 1.382227420806885, None, None, None, 1.3813079595565796, None, None, None, None, 1.379563808441162, None, None, None, 1.3771910667419434, None, 1.383738398551941, None, 1.3798360824584963, None, 1.3762242794036867, 1.3850997686386108, 1.3858908414840698, None, None, None, None, 1.3799892663955686, None, None, None, 1.3815271854400635, None, None, None, None, None, 1.380736231803894, None, None, None, None, None, None, None, 1.377922296524048, None, 1.3850171566009521, None, None, None, None, 1.379001498222351, None, None, None, None, None, 1.381784796714783, None, None, None, 1.3805798292160034, None, None, None, None, None, None, 1.3860154151916504, None, None, 1.3781331777572632, None, 1.3860691785812378, 1.3856405019760132, 1.3801629543304443, 1.3817256689071655, None, 1.380977511405945, None, 1.3798476457595825, None, None, 1.3797818422317503, None, None, 1.3853598833084106, None, None, 1.3851964473724365, 1.3859566450119019, 1.3812319040298462, 1.3801405429840088, 1.3848948478698728, None]",0.1047823429107666,0.5226898193359375,2.5698156356811523,1.6791620254516602,224.06240677833557,-0.019712328910827637,0.019712328910827637,0.0003885759110886511,-0.019712328910827637,0.019712328910827637,0.0003885759110886511,-0.01631108292362149,0.01631108292362149,0.00026605142614125656,False
cross,0.8352631578947368,0_-2_to_3_0,1.5329278707504272,1.5104134082794192,1.5121171474456785,1.5104601383209226,1.5172079196051946,0.003600650824431287,1.516301107437989,1.5181147317724002,0.315,"[None, 1.5206069946289062, 1.5207743644714355, 1.5206463336944578, None, 1.5105991363525393, None, None, None, None, None, None, None, 1.5148032903671265, None, None, None, None, 1.5104601383209226, None, 1.5163992643356323, None, 1.518364906311035, None, 1.5203325748443604, 1.5210446119308472, None, 1.519565224647522, None, None, None, None, None, 1.5114222764968872, 1.5213301181793215, None, None, None, 1.5209271907806394, None, None, 1.5151505470275877, 1.521090030670166, None, 1.5202890634536743, None, 1.5105991363525393, None, None, 1.5146687030792236, None, None, 1.5213916301727293, None, None, None, None, 1.5207163095474243, None, 1.5155134201049805, None, None, None, None, None, None, None, None, None, None, None, None, 1.52162230014801, 1.5206397771835327, None, 1.5141741037368774, None, 1.5177268981933596, None, None, 1.521421194076538, None, None, None, None, None, None, 1.5136531591415403, None, None, None, None, None, 1.5149930715560913, 1.5197445154190061, None, None, None, None, None, 1.5114068984985352, None, 1.511879563331604, None, None, 1.5163837671279905, None, None, 1.520216941833496, None, 1.512063145637512, None, 1.5204201936721802, None, 1.5154521465301514, None, None, None, 1.5122228860855103, None, None, None, None, None, 1.5146905183792114, 1.5149526596069338, 1.513169527053833, None, None, None, None, None, None, None, None, 1.5150716304779053, None, None, 1.5136860609054568, None, None, None, None, None, 1.5163992643356323, None, 1.5117032527923584, None, None, 1.5205706357955933, 1.5163992643356323, None, None, None, 1.5214688777923582, None, 1.5170449018478394, None, None, 1.5189272165298464, None, None, None, 1.520694375038147, None, 1.5155754089355467, None, None, None, None, None, None, 1.5140204429626465, 1.5143803358078, None, None, None, None, 1.5210509300231934, None, None, 1.5130290985107422, None, None, None, 1.5203739404678343, None, 1.5214658975601194, 1.520526647567749, 1.521607518196106, None, None, None, None, None, None, 1.5208265781402588, 1.5203560590744019, None, 1.5153920650482176]",0.11544108390808105,0.5291223526000977,2.5356955528259277,1.9492299556732178,260.80786085128784,-0.020810723304748757,0.020810723304748757,0.000433086204466813,-0.022467732429504617,0.022467732429504617,0.0005047990005238134,-0.015719951145232613,0.015719951145232613,0.00024711686400850013,False
cross,0.8868421052631579,0_-2_to_3_0,1.6733306646347046,1.649584412574768,1.6515245437622068,1.6496628522872925,1.6572609086831411,0.003670691499416362,1.6563126685194036,1.6582091488468786,0.3,"[1.6620527505874634, None, 1.6613761186599731, None, None, 1.661652326583862, None, None, 1.6557555198669436, None, None, None, None, None, None, 1.661856174468994, 1.6577031612396236, None, None, None, 1.65508234500885, None, None, None, None, None, 1.6514745950698855, 1.6554561853408813, None, None, None, None, None, None, None, None, None, None, None, 1.6507120132446291, 1.655520558357239, None, 1.6615262031555176, None, None, None, 1.6559191942214966, None, 1.6611349582672124, 1.6613645553588865, None, None, None, None, None, None, None, None, None, 1.6613950729370117, None, None, 1.6568983793258665, 1.6622986793518066, None, 1.6503883600234983, None, 1.6575661897659302, 1.6543852090835571, None, None, None, 1.656970143318176, None, None, None, None, None, None, 1.6616982221603394, None, None, 1.6545321941375732, 1.6611464023590088, 1.6615675687789917, None, None, None, 1.654731631278992, 1.6560572385787964, None, None, 1.6529228687286375, 1.6556961536407468, 1.653951644897461, None, None, 1.6556159257888794, None, 1.6572523117065427, 1.661720156669617, 1.6561535596847534, None, 1.6611216068267822, None, 1.6610640287399292, None, 1.649814248085022, None, None, None, None, None, None, None, None, 1.6529228687286375, 1.6613087654113767, 1.662335753440857, None, None, None, None, None, None, 1.6562848091125484, None, None, None, None, 1.6567487716674807, None, None, None, None, None, 1.6567748785018923, None, None, None, None, None, 1.6530610322952275, None, None, 1.6553010940551758, None, 1.6549636125564575, 1.6621218919754026, 1.654213547706604, None, None, None, None, None, None, 1.6549451351165771, 1.6515245437622068, None, None, None, None, None, 1.6623326539993282, None, None, None, None, None, None, None, None, None, 1.655707597732544, None, 1.6545321941375732, None, 1.6561871767044065, None, 1.6615638732910156, None, 1.6611542701721191, 1.6610053777694702, 1.65175199508667, None, None, None, None, None, None, None, None, None, None, 1.655378222465515, None, None, None, None, None]",0.11470794677734375,0.5248544216156006,2.481438636779785,1.8785464763641357,241.29355144500732,-0.02180612087249778,0.02180612087249778,0.0004755069075059834,-0.02366781234741211,0.02366781234741211,0.0005601653413123131,-0.016069755951563458,0.016069755951563458,0.0002582370563428092,False
cross,0.9384210526315789,0_-2_to_3_0,1.8190555572509766,1.7942522764205933,1.7963730096817017,1.7943624258041386,1.8038395806854846,0.004028889006236657,1.8027064373926418,1.8049727239783273,0.255,"[None, None, None, None, None, 1.8079367876052859, None, 1.808398723602295, None, None, None, None, None, None, None, 1.8005766868591306, None, None, None, None, 1.7990410327911377, None, None, 1.7967174053192139, None, 1.8003860712051392, 1.799006462097168, 1.7964465618133545, None, None, None, None, None, None, None, 1.8076186180114746, None, None, None, None, None, None, None, 1.80840528011322, None, None, None, None, None, None, None, None, None, None, None, None, 1.7986280918121338, None, None, None, 1.8075774908065796, None, None, None, None, None, None, None, None, 1.803349018096924, None, None, None, 1.8075834512710571, 1.808191180229187, 1.8005419969558716, None, 1.802265524864197, 1.8005744218826294, None, None, None, 1.806735634803772, 1.8081250190734866, None, None, None, None, None, None, None, None, 1.8011292219161987, None, 1.807608962059021, None, None, 1.800060987472534, None, 1.8076280355453491, None, 1.8011323213577268, None, None, None, None, None, None, None, None, None, None, None, 1.8084132671356201, 1.8004573583602905, None, None, None, None, None, None, 1.7998899221420284, None, None, 1.8035633563995361, 1.7993401288986206, None, None, None, None, 1.80028235912323, None, None, None, None, 1.80840528011322, 1.7991330623626707, None, None, None, None, 1.8010239601135252, None, None, None, None, None, None, None, None, None, None, None, 1.8083951473236082, None, 1.807835340499878, None, None, 1.8043957948684692, 1.7955905199050906, 1.80756413936615, 1.8079524040222164, None, None, None, None, None, 1.8071688413619997, None, None, 1.8008739948272707, 1.8074098825454714, None, None, None, None, None, None, None, 1.7996852397918701, None, None, 1.8073934316635132, 1.8047018051147463, None, None, None, None, 1.8077549934387207, None, None, 1.8004385232925415, 1.8071177005767822, None, 1.8077549934387207, 1.807612180709839, None, None, None, None]",0.10375308990478516,0.6176249980926514,2.5051488876342773,1.2791554927825928,201.73513865470886,-0.022682547569274902,0.022682547569274902,0.0005144979642324188,-0.024693131446837935,0.024693131446837935,0.0006097507406508166,-0.015215976565492007,0.015215976565492007,0.00023152594284160191,False
cross,0.99,0_-2_to_3_0,1.970099687576294,1.944437861442566,1.9466682672500613,1.9445831775665283,1.9545516121214714,0.0045993915002723075,1.9534467176428316,1.9556565066001113,0.345,"[None, 1.9514946937561033, 1.9513794183731077, 1.95893919467926, None, None, None, None, None, None, None, 1.950557827949524, None, None, None, None, 1.955534815788269, None, 1.9596768617630005, None, 1.9515573978424077, 1.9502015113830566, 1.9520825147628784, 1.959794282913208, None, None, None, None, 1.9517211914062502, None, None, 1.9486035108566282, None, 1.9468001127243046, None, None, 1.9513094425201414, 1.9514946937561033, None, None, None, 1.9517549276351926, 1.9590678215026853, None, 1.9582991600036623, None, None, None, None, None, None, 1.958466649055481, 1.9516769647598262, None, None, None, 1.9591661691665645, None, None, None, None, None, None, None, None, None, None, 1.9589776992797852, None, 1.9595210552215576, None, 1.9551723003387453, 1.9585105180740356, 1.9587838649749756, None, 1.9587905406951907, None, 1.9594863653182986, 1.9599416255950926, None, 1.9584543704986574, 1.959102272987366, 1.94662356376648, None, None, 1.9519537687301631, 1.9537279605865479, None, None, 1.959200739860535, None, None, None, None, 1.9514011144638062, 1.9473465681076048, None, 1.9516775608062742, None, None, 1.9520825147628784, 1.9587408304214478, None, 1.9592891931533816, None, None, None, None, None, 1.9512158632278445, None, 1.9513787031173708, None, None, 1.9524118900299074, None, None, 1.9592190980911255, 1.9468097686767574, None, 1.9500305652618413, 1.9592512845993044, None, None, None, 1.9596620798110962, None, 1.958571672439575, None, 1.9537279605865479, None, 1.951219916343689, None, None, None, None, None, None, None, 1.9514749050140383, None, 1.9484671354293819, None, None, 1.9592521190643308, None, None, 1.9468021392822268, 1.9590274095535278, None, None, None, None, None, None, None, 1.9598664045333858, 1.946152925491333, None, None, None, None, None, None, None, None, None, None, None, None, None, None, None, None, 1.958815097808838, None, None, None, None, None, None, None, 1.948039054870605, None, 1.9591424465179441, None, None, 1.9589158296585083, 1.9495010375976562, None, 1.9590772390365598, None, None, None, 1.9520825147628784, 1.9595565795898442, None, 1.9467643499374394, 1.9592616558074951, None]",0.11771368980407715,0.5257902145385742,2.597400665283203,1.8684635162353516,275.61122941970825,-0.023431420326232688,0.023431420326232688,0.0005490314585045904,-0.025516510009765625,0.025516510009765625,0.0006510922830784693,-0.015548075454822508,0.015548075454822508,0.00024174265034885412,False
noise,0.1,0_-2_to_3_0,0.75,0.7367469072341918,0.7369508743286132,0.7369508743286132,0.7353421145794439,0.0008929302151093918,0.7350909739094821,0.7355932552494057,0.255,"[None, None, None, 0.7352694869041443, None, None, None, None, None, None, None, 0.7329073548316956, None, None, None, 0.7340424656867981, None, None, None, None, None, None, 0.7344128489494325, None, None, None, None, 0.7353562116622925, None, None, None, 0.733365297317505, None, None, None, None, None, 0.7349928021430969, 0.7378609776496886, None, 0.7353916764259338, None, None, 0.7350611686706544, 0.7346256375312805, None, None, None, None, 0.7355833053588866, None, None, 0.7351728677749634, None, None, 0.7345651388168335, None, None, None, None, None, None, None, None, None, None, None, None, None, 0.7354593873023987, None, None, None, None, None, 0.735572338104248, None, 0.7355319857597352, None, None, None, None, None, None, None, None, 0.7346241474151611, 0.7353723645210266, None, None, None, 0.7358708381652832, 0.7348998188972473, 0.7359257340431212, 0.7351191639900208, None, None, 0.735403299331665, 0.7378305196762085, None, 0.7354259490966796, 0.7366219162940979, None, None, None, 0.734581708908081, 0.7346330285072326, None, None, 0.7357826232910155, None, None, 0.7355833053588866, None, None, 0.7343567609786987, None, None, None, 0.7351248264312743, None, 0.7369508743286132, None, None, None, None, None, 0.7359712123870851, None, None, None, None, None, None, 0.7352323532104492, None, None, None, 0.7366195917129517, None, None, None, 0.7361007928848267, None, 0.734829843044281, None, None, None, None, None, None, None, None, 0.7359154820442201, None, None, 0.735895037651062, None, None, None, None, 0.7347830533981323, None, None, None, None, None, None, None, 0.7349643707275391, None, 0.7357093095779418, None, None, None, 0.7357558012008668, None, None, None, None, None, None, None, None, None, 0.7351713776588439, None, None, 0.7354170680046082, None, None, None, 0.7357448935508728, 0.73405921459198, 0.7357080578804016, None, None, None, None, 0.7352925539016724]",0.10404372215270996,0.5377748012542725,2.518646001815796,2.5348470211029053,214.53949856758118,-0.01304912567138683,0.01304912567138683,0.00017027968078764678,-0.01304912567138683,0.01304912567138683,0.00017027968078764678,-0.014657885420556127,0.014657885420556127,0.00021485360500215188,False
noise,0.2,0_-2_to_3_0,0.75,0.7367469072341919,0.7369508743286133,0.7369508743286133,0.735391380236699,0.0009938334817865498,0.7351451203576425,0.7356376401157556,0.325,"[None, None, None, 0.7347693443298341, None, None, None, 0.7359321713447571, None, 0.7370916604995729, 0.7343227863311768, None, None, None, None, None, None, None, None, None, None, None, 0.7329073548316956, 0.7346821427345276, 0.7349823117256165, None, None, None, 0.7345216274261473, None, None, 0.737050712108612, None, None, None, 0.7350074648857116, 0.7350074648857116, 0.7367161512374879, None, 0.7354461550712585, 0.7356399297714233, None, 0.733999490737915, None, 0.7350416779518127, 0.7350687980651855, 0.73593008518219, None, None, None, None, None, None, None, None, None, None, None, None, None, None, None, None, 0.7365656495094299, 0.7351025938987732, None, None, None, None, 0.7329445481300354, None, None, None, None, 0.7348392605781556, 0.7355899214744568, None, None, None, 0.7354170680046082, None, None, None, None, None, None, None, 0.7355679273605347, 0.735932469367981, None, None, None, None, 0.7358459234237671, 0.736821711063385, None, 0.7353467941284181, 0.7346330285072327, 0.7336152791976929, None, 0.7357762455940247, 0.7371671795845033, None, 0.7355605363845825, None, None, None, None, 0.7351301908493042, None, 0.7354170680046082, 0.7369508743286133, None, 0.7348123788833618, None, 0.7350702881813049, 0.7355141043663025, None, None, None, 0.7353947162628173, None, None, None, 0.7355976104736327, None, 0.7335329651832581, None, None, 0.7358354330062866, None, None, None, None, None, None, 0.7348463535308838, None, 0.7358294725418091, None, None, None, None, 0.7351260185241699, 0.7348945736885071, None, None, None, 0.7378205060958863, None, 0.7365700006484985, 0.735105812549591, None, 0.7356263399124144, None, None, 0.7351393699645996, 0.7359674572944641, None, None, 0.7354515194892883, None, None, 0.7351340055465698, 0.735364258289337, 0.7359856963157654, 0.7350234389305115, 0.7348463535308838, None, None, None, None, None, None, None, 0.7355648279190062, None, 0.7383298277854918, None, None, None, None, 0.7347272038459778, 0.7348732352256776, None, None, None, None, None, None, 0.7341143488883971, None, None, None, None, None, None, None, None, None]",0.12570428848266602,0.5199203491210938,2.496864080429077,1.6489992141723633,264.9599003791809,-0.013049125671386719,0.013049125671386719,0.00017027968078764388,-0.013049125671386719,0.013049125671386719,0.00017027968078764388,-0.014608619763300967,0.014608619763300967,0.00021341177138870762,False
noise,0.3,0_-2_to_3_0,0.7499998807907104,0.7367462515830993,0.7369505167007445,0.7369505167007445,0.7357262699109204,0.001236965693717116,0.7353853199396949,0.7360672198821459,0.265,"[None, None, None, 0.7348461747169495, 0.7387310862541199, None, 0.7359703183174133, None, None, None, None, None, 0.7349623441696168, None, 0.7342662811279297, None, None, None, None, None, None, None, 0.7352067828178406, None, None, None, None, None, None, None, None, 0.7353498339653014, None, 0.7358283400535582, None, None, None, None, None, None, None, None, 0.7351472973823547, None, 0.737262189388275, 0.7357009649276733, None, None, None, None, None, None, None, None, None, None, 0.737391173839569, None, 0.735698938369751, 0.7377607822418213, None, 0.7359250783920288, None, 0.7370920777320862, None, None, 0.7377951741218567, None, None, 0.7366237044334413, None, None, None, 0.733284592628479, None, None, None, None, None, None, None, None, None, None, None, None, 0.7357619404792786, 0.7357402443885804, 0.7347592711448669, 0.7356409430503846, 0.7355439066886902, None, None, 0.734475553035736, None, None, 0.7359318733215332, None, None, 0.7363699078559875, None, None, None, None, None, None, None, 0.73731929063797, None, None, None, 0.735716164112091, None, None, 0.7356048822402955, None, 0.7353044152259827, None, None, None, 0.7355762124061584, None, None, 0.735134243965149, None, None, None, None, None, None, None, None, None, None, 0.7348708510398864, None, None, 0.7387672066688538, None, None, None, None, None, None, 0.7351168394088745, None, 0.7380717992782594, None, None, None, 0.7361183762550354, None, None, None, None, None, None, 0.7349794507026673, 0.735753059387207, None, 0.7336298823356628, None, None, 0.7340059280395508, 0.7376531362533569, None, 0.7351069450378419, None, 0.7349615693092347, None, None, None, 0.7367295622825623, 0.7349449396133423, None, None, None, None, None, None, 0.7351716756820679, None, None, None, None, None, None, None, None, 0.7358338236808776, 0.7355868220329285, None, None, 0.7351281642913817, 0.7338505983352661, None, None, None, 0.7334896922111511, None]",0.11297607421875,0.5145847797393799,2.5344388484954834,2.5537006855010986,215.69274640083313,-0.013049364089965931,0.013049364089965931,0.00017028590315249238,-0.013049364089965931,0.013049364089965931,0.00017028590315249238,-0.014273610879790066,0.014273610879790066,0.00020373596754766135,False
noise,0.4,0_-2_to_3_0,0.7500000596046448,0.7367469072341919,0.7369508743286133,0.7366219162940979,0.7355765431158005,0.0010720632644864378,0.7353042900240364,0.7358487962075645,0.31,"[None, None, None, None, None, 0.733894646167755, 0.7344128489494325, 0.7351154088973998, None, None, 0.7362046837806703, None, None, None, None, None, 0.7355370521545409, 0.7349628210067749, None, None, 0.7348056435585022, None, 0.7357098460197449, 0.7353467941284179, None, None, None, 0.7348271012306213, None, 0.7347561717033385, None, None, None, 0.7377463579177855, 0.7358322143554686, None, None, 0.7338032722473145, None, 0.7364146113395691, 0.7346517443656921, None, None, None, 0.735784649848938, None, None, None, 0.7352573275566101, 0.7380995750427245, None, 0.7344446182250977, 0.7358387112617494, None, None, 0.7359246015548706, 0.7356460094451904, 0.7339160442352295, None, None, None, None, 0.7359965443611145, None, None, None, 0.7345344424247742, None, None, None, None, 0.7354170680046082, None, None, 0.7345551252365112, None, None, 0.7350388765335084, None, 0.7358264327049254, None, None, None, None, 0.7350747585296631, 0.7354170680046082, None, 0.735364258289337, None, 0.7374587059020995, None, None, 0.7358824014663696, None, None, None, None, 0.7359518408775328, None, None, 0.7351545691490173, None, 0.7378576397895814, None, 0.735105037689209, None, None, None, 0.7353278398513794, None, None, 0.73534893989563, None, 0.73531973361969, None, None, None, None, None, 0.7356753349304198, None, None, 0.7350234389305114, 0.7349628210067749, None, None, None, None, None, None, None, None, None, None, None, 0.736685335636139, None, None, None, None, None, None, None, None, None, None, None, None, None, None, None, 0.7353047132492067, None, 0.7358455061912537, None, 0.7378336787223816, None, None, None, None, None, 0.7380343675613403, None, 0.7360104322433472, None, None, None, 0.7351058125495912, 0.7354185581207274, None, None, 0.7362747788429259, None, None, None, None, None, None, None, None, None, None, None, None, None, 0.733409881591797, None, 0.7370465993881226, None, None, 0.7351133823394775, None, 0.7367043495178222, None, 0.7349031567573547, 0.7360525727272034, 0.7333652973175048, 0.737411618232727, None, None]",0.10659623146057129,0.5373852252960205,2.579890727996826,1.885303020477295,250.00957036018372,-0.013049185276031494,0.013049185276031494,0.00017028123636819714,-0.013378143310546875,0.013378143310546875,0.0001789747184375301,-0.014423516488844323,0.014423516488844323,0.00020803782790396408,False
noise,0.5,0_-2_to_3_0,0.7500000596046448,0.7367469668388367,0.7369506359100342,0.7366216778755187,0.7357322825835302,0.001015682154947033,0.7354495148658795,0.7360150503011809,0.26,"[None, 0.7376420497894288, None, 0.7368144392967224, 0.7350150942802428, None, None, None, None, None, None, None, None, None, 0.7349625229835509, 0.7372868061065675, None, None, 0.7378209233283995, None, None, 0.7343720197677612, None, None, None, 0.7349355220794678, None, None, None, None, None, None, None, None, None, None, None, None, None, None, None, None, 0.7348455786705017, None, None, None, 0.7351050972938536, None, None, 0.7359288334846497, None, 0.7355917692184447, 0.7357072830200194, 0.735716700553894, None, 0.7355605959892273, 0.7342332005500793, None, 0.7355804443359375, None, 0.7353649139404296, None, 0.735171675682068, None, None, None, None, None, None, None, None, None, None, 0.7357707619667054, None, None, None, None, None, None, None, None, 0.7345147132873535, None, None, 0.7351929545402526, 0.7358097434043884, 0.7373082637786865, None, None, None, None, 0.737746000289917, None, 0.7357452511787415, None, None, None, None, None, 0.7356308102607726, None, None, None, None, None, None, 0.7351757287979125, None, 0.7346807122230529, None, 0.7367299199104308, None, None, None, None, 0.7355337142944336, None, None, None, None, None, None, None, None, None, 0.7352895736694336, 0.7356696128845215, None, 0.7362040281295776, None, None, None, None, None, 0.735895276069641, None, None, None, None, None, None, None, 0.7353023290634155, 0.7354254126548768, None, None, None, None, None, None, 0.7338299751281737, 0.7350673675537108, None, None, None, None, None, None, None, None, None, 0.7346335053443908, None, 0.7354488372802733, 0.7373171448707581, 0.7343311309814453, None, None, None, 0.7355215549468993, 0.7360648512840271, 0.7385296821594238, None, None, None, None, 0.7354183793067932, 0.7359632253646851, None, None, None, None, 0.7366026043891908, None, None, 0.7351827621459961, None, None, None, 0.7376542091369628, None, None, None, None, 0.7352331876754761, None, None, None, None]",0.12425494194030762,0.5183227062225342,2.563850164413452,1.9119596481323242,206.01669001579285,-0.013049423694610596,0.013049423694610596,0.00017028745876146445,-0.013378381729126088,0.013378381729126088,0.00017898109769021474,-0.014267777021114592,0.014267777021114592,0.00020356946112424557,False
